date,action,price,position,pnl,capital,strength
2020-03-09,open_short,7923.64453125,-2.5240910191165384,0.0,100000.0,1.0
2020-03-12,take_profit,6854.166085379464,-2.5240910191165384,2699.4609403605336,102699.46094036053,
2020-04-29,open_long,8801.0380859375,2.3338033522308255,0.0,102699.46094036053,1.0
2020-05-07,take_profit,9630.774239676339,2.3338033522308255,1936.4410170628134,104635.90195742334,
2020-05-07,open_long,9951.5185546875,2.1029132666016346,0.0,104635.90195742334,1.0
2020-05-10,stop_loss,9189.372140066964,2.1029132666016346,-1602.7278063983956,103033.17415102494,
2020-06-01,open_long,10167.2685546875,2.0267621258715094,0.0,103033.17415102494,1.0
2020-06-11,stop_loss,9448.60825892857,2.0267621258715094,-1456.5534688118153,101576.62068221312,
2020-07-22,open_long,9525.36328125,2.132761086018829,0.0,101576.62068221312,1.0
2020-07-26,take_profit,9927.66127232143,2.132761086018829,858.0055003406948,102434.62618255381,
2020-07-26,open_long,9905.1669921875,2.068306900092589,0.0,102434.62618255381,1.0
2020-07-27,take_profit,10357.30043247768,2.068306900092589,935.1507143147786,103369.77689686859,
2020-07-27,open_long,10990.873046875,1.8810112073173184,0.0,103369.77689686859,1.0
2020-08-01,take_profit,11724.179268973214,1.8810112073173184,1379.3572221622628,104749.13411903084,
2020-08-01,open_long,11759.5927734375,1.7815095494741553,0.0,104749.13411903084,1.0
2020-08-02,stop_loss,11025.9208984375,1.7815095494741553,-1307.0434514931087,103442.09066753773,
2020-10-10,open_long,11296.361328125,1.831423193059412,0.0,103442.09066753773,1.0
2020-10-21,take_profit,12008.34779575893,1.831423193059412,1303.9485299692226,104746.03919750695,
2020-10-21,open_long,12823.689453125,1.633633434128139,0.0,104746.03919750695,1.0
2020-10-31,take_profit,13873.991420200893,1.633633434128139,1715.808409345731,106461.84760685268,
2020-11-04,open_long,14133.70703125,1.5064957462534454,0.0,106461.84760685268,1.0
2020-11-05,take_profit,15678.29771205357,1.5064957462534454,2326.9192903332923,108788.76689718597,
2020-11-05,open_long,15579.8486328125,1.3965317566445092,0.0,108788.76689718597,1.0
2020-11-17,take_profit,17372.97119140625,1.3965317566445092,2504.152596631827,111292.9194938178,
2020-11-17,open_long,17645.40625,1.2614378826649888,0.0,111292.9194938178,1.0
2020-12-16,take_profit,20064.872140066964,1.2614378826649888,3052.0059295462333,114344.92542336402,
2020-12-16,open_long,21310.59765625,1.0731273450684178,0.0,114344.92542336402,1.0
2020-12-17,take_profit,23532.113978794645,1.0731273450684178,2383.96991323849,116728.89533660251,
2020-12-17,open_long,22805.162109375,1.0237059028720195,0.0,116728.89533660251,1.0
2020-12-26,take_profit,25405.445172991072,1.0237059028720195,2661.9251213619123,119390.82045796442,
2020-12-26,open_long,26437.037109375,0.9032087821643714,0.0,119390.82045796442,1.0
2021-01-02,take_profit,30300.12890625,0.9032087821643714,3489.178437244642,122879.99889520906,
2021-01-02,open_long,32127.267578125,0.7649576709030576,0.0,122879.99889520906,1.0
2021-01-04,stop_loss,28928.877790178572,0.7649576709030576,-2446.6328028276234,120433.36609238145,
2021-01-06,open_long,36824.36328125,0.5318690365489468,0.0,120433.36609238145,1.0
2021-01-11,stop_loss,32295.678292410714,0.5318690365489468,-2408.667321847629,118024.69877053381,
2021-02-06,open_long,39266.01171875,0.4483206864593048,0.0,118024.69877053381,1.0
2021-02-09,take_profit,47163.79799107143,0.4483206864593048,3540.7409631160162,121565.43973364982,
2021-02-09,open_long,46481.10546875,0.38963438766324837,0.0,121565.43973364982,1.0
2021-02-19,take_profit,55841.06780133929,0.38963438766324837,3646.963192009498,125212.40292565932,
2021-02-19,open_long,55888.1328125,0.38517733341707283,0.0,125212.40292565932,1.0
2021-02-22,stop_loss,49386.58705357143,0.38517733341707283,-2504.2480585131866,122708.15486714614,
2021-03-13,open_long,61243.0859375,0.3585938232035934,0.0,122708.15486714614,1.0
2021-03-16,stop_loss,54399.23381696428,0.3585938232035934,-2454.163097342923,120253.99176980321,
2021-04-13,open_long,63503.45703125,0.37873211126325396,0.0,120253.99176980321,1.0
2021-04-18,stop_loss,59224.43415178572,0.37873211126325396,-1620.603369283276,118633.38840051994,
2021-05-15,open_short,46760.1875,-0.3194678277198294,0.0,118633.38840051994,1.0
2021-05-19,take_profit,35619.78041294643,-0.3194678277198294,3559.0016520155973,122192.39005253553,
2021-07-19,open_short,30817.83203125,-0.792997962534351,0.0,122192.39005253553,1.0
2021-07-23,stop_loss,33550.43219866072,-0.792997962534351,-2166.946365177725,120025.44368735781,
2021-08-06,open_long,42816.5,0.47857247929995406,0.0,120025.44368735781,1.0
2021-08-23,take_profit,50340.466517857145,0.47857247929995406,3600.763310620736,123626.20699797854,
2021-09-06,open_long,52633.53515625,0.46976212648828125,0.0,123626.20699797854,0.9043246855968203
2021-09-07,stop_loss,48688.017857142855,0.46976212648828125,-1853.4545965248724,121772.75240145368,
2021-10-05,open_long,51514.8125,0.4727679146709646,0.0,121772.75240145368,1.0
2021-10-15,take_profit,59025.85072544643,0.4727679146709646,3550.97787885821,125323.73028031188,
2021-10-15,open_long,61593.94921875,0.40693520019385837,0.0,125323.73028031188,1.0
2021-11-19,stop_loss,56155.174107142855,0.40693520019385837,-2213.229038851228,123110.50124146065,
2021-12-04,open_short,49200.703125,-0.35591140921991943,0.0,123110.50124146065,1.0
2022-01-21,take_profit,38823.640345982145,-0.35591140921991943,3693.315037243818,126803.81627870447,
2022-01-21,open_short,36457.31640625,-0.6956289095209766,0.0,126803.81627870447,1.0
2022-02-04,stop_loss,40081.31194196428,-0.6956289095209766,-2520.9560626178136,124282.86021608666,
2022-03-25,open_long,44348.73046875,0.5604799005629334,0.0,124282.86021608666,1.0
2022-04-11,stop_loss,41612.65122767857,0.5604799005629334,-1533.51742096802,122749.34279511863,
2022-04-26,open_short,38117.4609375,-0.6440583384941976,0.0,122749.34279511863,1.0
2022-05-09,take_profit,33679.797154017855,-0.6440583384941976,2858.1143631853847,125607.45715830402,
2022-05-09,open_short,30296.953125,-0.6958449921970228,0.0,125607.45715830402,1.0
2022-06-13,take_profit,24881.632533482145,-0.6958449921970228,3768.2237147491187,129375.68087305315,
2022-06-13,open_short,22487.388671875,-0.8501249113981597,0.0,129375.68087305315,1.0
2022-06-18,take_profit,17921.859095982145,-0.8501249113981597,3881.270426191591,133256.95129924474,
2022-08-19,open_short,20877.552734375,-1.2765571999234995,0.0,133256.95129924474,1.0
2022-11-08,take_profit,18140.1171875,-1.2765571999234995,3494.4930566898033,136751.44435593454,
2022-11-09,open_short,15880.7802734375,-1.5817312300745907,0.0,136751.44435593454,1.0
2022-11-10,stop_loss,17609.916573660714,-1.5817312300745907,-2735.028887118691,134016.41546881586,
2023-01-13,open_long,19909.57421875,1.346250944358266,0.0,134016.41546881586,1.0
2023-01-14,take_profit,20973.2265625,1.346250944358266,1431.9429722423204,135448.35844105817,
2023-01-14,open_long,20976.298828125,1.2914419226279248,0.0,135448.35844105817,1.0
2023-01-20,take_profit,22266.204241071428,1.2914419226279248,1665.8379265037017,137114.19636756188,
2023-01-20,open_long,22676.552734375,1.2093037065524763,0.0,137114.19636756188,1.0
2023-02-16,take_profit,24751.880998883928,1.2093037065524763,2509.702162583764,139623.89853014564,
2023-03-14,open_long,24746.07421875,1.1284529198118478,0.0,139623.89853014564,1.0
2023-03-19,take_profit,27800.924246651786,1.1284529198118478,3447.2544335730754,143071.15296371872,
2023-03-19,open_long,28038.67578125,1.020527175248363,0.0,143071.15296371872,1.0
2023-06-14,stop_loss,25340.51981026786,1.020527175248363,-2753.5414914459084,140317.6114722728,
2023-06-14,open_short,25124.67578125,-1.11697052486535,0.0,140317.6114722728,1.0
2023-06-19,stop_loss,26795.56863839286,-1.11697052486535,-1866.3380716366232,138451.2734006362,
2023-08-17,open_short,26664.55078125,-1.038466948394964,0.0,138451.2734006362,1.0
2023-08-29,stop_loss,27904.998046875,-1.038466948394964,-1288.163486578471,137163.1099140577,
2023-10-16,open_long,28519.466796875,0.9618911243395846,0.0,137163.1099140577,0.6076307730853089
2023-10-23,take_profit,30454.280133928572,0.9618911243395846,1861.0797761656845,139024.1896902234,
2023-10-23,open_long,33086.234375,0.8403748103487428,0.0,139024.1896902234,1.0
2023-11-09,take_profit,36116.59388950893,0.8403748103487428,2546.6378022939484,141570.82749251736,
2023-12-02,open_long,39476.33203125,0.7172440812406177,0.0,141570.82749251736,0.5226163975399758
2023-12-05,take_profit,42643.59040178571,0.7172440812406177,2271.697320026541,143842.5248125439,
2023-12-05,open_long,44080.6484375,0.6526334339953818,0.0,143842.5248125439,1.0
2023-12-11,stop_loss,41621.72265625,0.6526334339953818,-1604.7771765569644,142237.74763598695,
2024-01-08,open_long,46970.50390625,0.6056471010823475,0.0,142237.74763598695,1.0
2024-01-12,stop_loss,43236.93303571428,0.6056471010823475,-2261.2263744254537,139976.5212615615,
2024-02-07,open_long,44318.22265625,0.6316883343778285,0.0,139976.5212615615,1.0
2024-02-09,take_profit,47745.79296875,0.6316883343778285,2165.156181666018,142141.6774432275,
2024-02-09,open_long,47147.19921875,0.6029697619310506,0.0,142141.6774432275,1.0
2024-02-14,take_profit,50801.22181919643,0.6029697619310506,2203.2651374818606,144344.94258070935,
2024-02-14,open_long,51826.6953125,0.5570293136012283,0.0,144344.94258070935,1.0
2024-02-27,take_profit,56224.79157366071,0.5570293136012283,2449.868541506479,146794.81112221582,
2024-02-27,open_long,57085.37109375,0.5142992269635528,0.0,146794.81112221582,1.0
2024-02-28,take_profit,62048.06752232143,0.5142992269635528,2552.3109368690693,149347.12205908488,
2024-02-28,open_long,62504.7890625,0.4778741734805287,0.0,149347.12205908488,1.0
2024-03-04,take_profit,68421.09291294643,0.4778741734805287,2827.2488125917594,152174.37087167666,
2024-03-04,open_long,68330.4140625,0.4454074308183961,0.0,152174.37087167666,1.0
2024-03-05,stop_loss,63182.70424107143,0.4454074308183961,-2292.8282061611253,149881.54266551553,
2024-03-11,open_long,72123.90625,0.39354559312691423,0.0,149881.54266551553,1.0
2024-03-19,stop_loss,64506.92131696428,0.39354559312691423,-2997.6308533103106,146883.91181220522,
2024-05-17,open_long,67051.875,0.43812022202870604,0.0,146883.91181220522,1.0
2024-06-24,stop_loss,62360.88727678572,0.43812022202870604,-2055.2165828285756,144828.69522937664,
2024-06-24,open_short,60277.4140625,-0.4805405058657883,0.0,144828.69522937664,1.0
2024-07-05,take_profit,54307.50111607143,-0.4805405058657883,2868.784987251505,147697.48021662814,
2024-07-05,open_short,56662.375,-0.5213247069739952,0.0,147697.48021662814,1.0
2024-07-14,stop_loss,60964.2265625,-0.5213247069739952,-2242.6615052659363,145454.8187113622,
2024-08-04,open_short,58116.9765625,-0.5005587947436928,0.0,145454.8187113622,1.0
2024-08-05,take_profit,50319.83677455357,-0.5005587947436928,3902.926894702556,149357.74560606477,
2024-08-05,open_short,53991.45703125,-0.47886994557175405,0.0,149357.74560606477,1.0
2024-08-08,stop_loss,60229.38225446428,-0.47886994557175405,-2987.154912121295,146370.59069394346,
2024-09-06,open_short,53948.75390625,-0.5426282540215868,0.0,146370.59069394346,1.0
2024-09-13,stop_loss,58610.45200892857,-0.5426282540215868,-2529.5691022322176,143841.02159171124,
2024-09-26,open_long,65181.01953125,0.4413586121424473,0.0,143841.02159171124,1.0
2024-10-01,stop_loss,61033.19866071428,0.4413586121424473,-1830.6764628351218,142010.34512887613,
2024-10-15,open_long,67041.109375,0.42365153695333263,0.0,142010.34512887613,1.0
2024-10-29,take_profit,73176.671875,0.42365153695333263,2599.340483198232,144609.68561207436,
2024-10-29,open_long,72720.4921875,0.39771371524608984,0.0,144609.68561207436,1.0
2024-11-01,stop_loss,68854.671875,0.39771371524608984,-1537.4897589581751,143072.1958531162,
2024-11-06,open_long,75639.078125,0.3783023257281831,0.0,143072.1958531162,1.0
2024-11-11,take_profit,83634.50753348214,0.3783023257281831,3024.689540424307,146096.8853935405,
2024-11-11,open_long,88701.484375,0.3294124927512872,0.0,146096.8853935405,1.0
2024-11-21,take_profit,98599.82366071429,0.3294124927512872,3260.6366182051397,149357.52201174563,
2024-11-21,open_long,98504.7265625,0.30324945253663577,0.0,149357.52201174563,1.0
2025-01-13,stop_loss,90204.30022321429,0.30324945253663577,-2517.0997432090635,146840.42226853658,
2025-01-17,open_long,104462.0390625,0.2811364273306621,0.0,146840.42226853658,1.0
2025-02-02,stop_loss,96983.27790178571,0.2811364273306621,-2102.552193582531,144737.87007495406,
2025-02-24,open_short,91418.171875,-0.3166501081926258,0.0,144737.87007495406,1.0
2025-02-26,take_profit,83487.13448660714,-0.3166501081926258,2511.3638471143577,147249.2339220684,
2025-02-26,open_short,84347.0234375,-0.34915099056501525,0.0,147249.2339220684,1.0
2025-03-02,stop_loss,90490.02678571429,-0.34915099056501525,-2144.8357040732244,145104.39821799519,
2025-04-06,open_short,78214.484375,-0.3710422676247303,0.0,145104.39821799519,1.0
2025-04-12,stop_loss,84562.62946428571,-0.3710422676247303,-2355.4301491393658,142748.96806885581,
2025-04-25,open_long,94720.5,0.30141092597453734,0.0,142748.96806885581,1.0
2025-05-08,take_profit,102480.56584821429,0.30141092597453734,2338.9686329336528,145087.93670178947,
2025-05-08,open_long,103241.4609375,0.28106525301811136,0.0,145087.93670178947,1.0
2025-05-21,take_profit,110650.73270089286,0.28106525301811136,2082.488842857961,147170.42554464744,
2025-05-21,open_long,109678.078125,0.2683679875880346,0.0,147170.42554464744,1.0
2025-05-31,stop_loss,103379.47209821429,0.2683679875880346,-1690.3442240183474,145480.0813206291,
2025-07-09,open_long,111326.5546875,0.2613573764660193,0.0,145480.0813206291,1.0
2025-07-11,take_profit,117355.02790178571,0.2613573764660193,1575.585943381384,147055.6672640105,
2025-07-11,open_long,117516.9921875,0.25027132591920176,0.0,147055.6672640105,1.0
2025-08-02,stop_loss,112555.56026785714,0.25027132591920176,-1241.7041449868677,145813.96311902363,
2025-08-13,open_long,123344.0625,0.23643450712355712,0.0,145813.96311902363,1.0
2025-08-14,stop_loss,117847.2890625,0.23643450712355712,-1299.6269184651733,144514.33620055846,
2025-09-16,open_long,116843.1875,0.24736459059807567,0.0,144514.33620055846,1.0
2025-09-22,stop_loss,112668.40959821429,0.24736459059807567,-1032.6922265131154,143481.64397404535,
2025-10-01,open_long,118648.9296875,0.24185914588854746,0.0,143481.64397404535,1.0
2025-10-06,take_profit,125778.54854910714,0.24185914588854746,1724.363528379182,145206.00750242453,
2025-11-04,open_short,101590.5234375,-0.28586526102851995,0.0,145206.00750242453,1.0
2025-11-17,take_profit,91220.35379464286,-0.28586526102851995,2964.4712518653914,148170.4787542899,
2025-11-17,open_short,92093.875,-0.32178139698061337,0.0,148170.4787542899,1.0
2026-01-31,take_profit,78717.66852678571,-0.32178139698061337,4304.214405252018,152474.69315954193,
2026-01-31,open_short,78621.1171875,-0.38787211022685375,0.0,152474.69315954193,1.0
