date,equity,n_holdings,cash
2020-01-02,100000.0,0,100000.0
2020-01-03,100000.0,0,100000.0
2020-01-06,100000.0,0,100000.0
2020-01-07,100000.0,0,100000.0
2020-01-08,100000.0,0,100000.0
2020-01-09,100000.0,0,100000.0
2020-01-10,100000.0,0,100000.0
2020-01-13,100000.0,0,100000.0
2020-01-14,100000.0,0,100000.0
2020-01-15,100000.0,0,100000.0
2020-01-16,100000.0,0,100000.0
2020-01-17,100000.0,0,100000.0
2020-01-20,100000.0,0,100000.0
2020-01-21,100000.0,0,100000.0
2020-01-22,100000.0,0,100000.0
2020-01-23,100000.0,0,100000.0
2020-01-24,100000.0,0,100000.0
2020-01-29,100000.0,0,100000.0
2020-01-30,100000.0,0,100000.0
2020-01-31,100000.0,0,100000.0
2020-02-03,100000.0,0,100000.0
2020-02-04,100000.0,0,100000.0
2020-02-05,100000.0,0,100000.0
2020-02-06,100000.0,0,100000.0
2020-02-07,100000.0,0,100000.0
2020-02-10,100000.0,0,100000.0
2020-02-11,100000.0,0,100000.0
2020-02-12,100000.0,0,100000.0
2020-02-13,100000.0,0,100000.0
2020-02-14,100000.0,0,100000.0
2020-02-17,100000.0,0,100000.0
2020-02-18,100000.0,0,100000.0
2020-02-19,100000.0,0,100000.0
2020-02-20,100000.0,0,100000.0
2020-02-21,100000.0,0,100000.0
2020-02-24,100000.0,0,100000.0
2020-02-25,100000.0,0,100000.0
2020-02-26,100000.0,0,100000.0
2020-02-27,100000.0,0,100000.0
2020-02-28,100000.0,0,100000.0
2020-03-02,100000.0,0,100000.0
2020-03-03,100000.0,0,100000.0
2020-03-04,100000.0,0,100000.0
2020-03-05,100000.0,0,100000.0
2020-03-06,100000.0,0,100000.0
2020-03-09,100000.0,0,100000.0
2020-03-10,100000.0,0,100000.0
2020-03-11,100000.0,0,100000.0
2020-03-12,100000.0,0,100000.0
2020-03-13,100000.0,0,100000.0
2020-03-16,100000.0,0,100000.0
2020-03-17,100000.0,0,100000.0
2020-03-18,100000.0,0,100000.0
2020-03-19,100000.0,0,100000.0
2020-03-20,100000.0,0,100000.0
2020-03-23,100000.0,0,100000.0
2020-03-24,100000.0,0,100000.0
2020-03-25,100000.0,0,100000.0
2020-03-26,100000.0,0,100000.0
2020-03-27,100000.0,0,100000.0
2020-03-30,100000.0,0,100000.0
2020-03-31,100000.0,0,100000.0
2020-04-01,100000.0,0,100000.0
2020-04-02,100000.0,0,100000.0
2020-04-03,100000.0,0,100000.0
2020-04-06,100000.0,0,100000.0
2020-04-07,100000.0,0,100000.0
2020-04-08,100000.0,0,100000.0
2020-04-09,100000.0,0,100000.0
2020-04-14,100000.0,0,100000.0
2020-04-15,100000.0,0,100000.0
2020-04-16,100000.0,0,100000.0
2020-04-17,100000.0,0,100000.0
2020-04-20,100000.0,0,100000.0
2020-04-21,100000.0,0,100000.0
2020-04-22,100000.0,0,100000.0
2020-04-23,100000.0,0,100000.0
2020-04-24,100000.0,0,100000.0
2020-04-27,100000.0,0,100000.0
2020-04-28,100000.0,0,100000.0
2020-04-29,100000.0,0,100000.0
2020-05-04,100000.0,0,100000.0
2020-05-05,100000.0,0,100000.0
2020-05-06,100000.0,0,100000.0
2020-05-07,100000.0,0,100000.0
2020-05-08,100000.0,0,100000.0
2020-05-11,100000.0,0,100000.0
2020-05-12,100000.0,0,100000.0
2020-05-13,100000.0,0,100000.0
2020-05-14,100000.0,0,100000.0
2020-05-15,100000.0,0,100000.0
2020-05-18,100000.0,0,100000.0
2020-05-19,100000.0,0,100000.0
2020-05-20,100000.0,0,100000.0
2020-05-21,100000.0,0,100000.0
2020-05-22,100000.0,0,100000.0
2020-05-25,100000.0,0,100000.0
2020-05-26,100000.0,0,100000.0
2020-05-27,100000.0,0,100000.0
2020-05-28,100000.0,0,100000.0
2020-05-29,100000.0,0,100000.0
2020-06-01,100000.0,0,100000.0
2020-06-02,100000.0,0,100000.0
2020-06-03,100000.0,0,100000.0
2020-06-04,100000.0,0,100000.0
2020-06-05,100000.0,0,100000.0
2020-06-08,100000.0,0,100000.0
2020-06-09,100000.0,0,100000.0
2020-06-10,100000.0,0,100000.0
2020-06-11,100000.0,0,100000.0
2020-06-12,100000.0,0,100000.0
2020-06-15,100000.0,0,100000.0
2020-06-16,100000.0,0,100000.0
2020-06-17,100000.0,0,100000.0
2020-06-18,100000.0,0,100000.0
2020-06-19,100000.0,0,100000.0
2020-06-22,100000.0,0,100000.0
2020-06-23,100000.0,0,100000.0
2020-06-24,100000.0,0,100000.0
2020-06-26,100000.0,0,100000.0
2020-06-29,100000.0,0,100000.0
2020-06-30,100000.0,0,100000.0
2020-07-02,100000.0,0,100000.0
2020-07-03,100000.0,0,100000.0
2020-07-06,100000.0,0,100000.0
2020-07-07,100000.0,0,100000.0
2020-07-08,100000.0,0,100000.0
2020-07-09,100000.0,0,100000.0
2020-07-10,100000.0,0,100000.0
2020-07-13,100000.0,0,100000.0
2020-07-14,100000.0,0,100000.0
2020-07-15,100000.0,0,100000.0
2020-07-16,100000.0,0,100000.0
2020-07-17,100000.0,0,100000.0
2020-07-20,100000.0,0,100000.0
2020-07-21,100000.0,0,100000.0
2020-07-22,100000.0,0,100000.0
2020-07-23,100000.0,0,100000.0
2020-07-24,100000.0,0,100000.0
2020-07-27,100000.0,0,100000.0
2020-07-28,100000.0,0,100000.0
2020-07-29,100000.0,0,100000.0
2020-07-30,100000.0,0,100000.0
2020-07-31,100000.0,0,100000.0
2020-08-03,100000.0,0,100000.0
2020-08-04,100000.0,0,100000.0
2020-08-05,100000.0,0,100000.0
2020-08-06,100000.0,0,100000.0
2020-08-07,100000.0,0,100000.0
2020-08-10,100000.0,0,100000.0
2020-08-11,100000.0,0,100000.0
2020-08-12,100000.0,0,100000.0
2020-08-13,100000.0,0,100000.0
2020-08-14,100000.0,0,100000.0
2020-08-17,100000.0,0,100000.0
2020-08-18,100000.0,0,100000.0
2020-08-19,100000.0,0,100000.0
2020-08-20,100000.0,0,100000.0
2020-08-21,100000.0,0,100000.0
2020-08-24,100000.0,0,100000.0
2020-08-25,100000.0,0,100000.0
2020-08-26,100000.0,0,100000.0
2020-08-27,100000.0,0,100000.0
2020-08-28,100000.0,0,100000.0
2020-08-31,100000.0,0,100000.0
2020-09-01,100000.0,0,100000.0
2020-09-02,100000.0,0,100000.0
2020-09-03,100000.0,0,100000.0
2020-09-04,100000.0,0,100000.0
2020-09-07,100000.0,0,100000.0
2020-09-08,100000.0,0,100000.0
2020-09-09,100000.0,0,100000.0
2020-09-10,100000.0,0,100000.0
2020-09-11,100000.0,0,100000.0
2020-09-14,100000.0,0,100000.0
2020-09-15,100000.0,0,100000.0
2020-09-16,100000.0,0,100000.0
2020-09-17,100000.0,0,100000.0
2020-09-18,100000.0,0,100000.0
2020-09-21,100000.0,0,100000.0
2020-09-22,100000.0,0,100000.0
2020-09-23,100000.0,0,100000.0
2020-09-24,100000.0,0,100000.0
2020-09-25,100000.0,0,100000.0
2020-09-28,100000.0,0,100000.0
2020-09-29,100000.0,0,100000.0
2020-09-30,100000.0,0,100000.0
2020-10-05,100000.0,0,100000.0
2020-10-06,100000.0,0,100000.0
2020-10-07,100000.0,0,100000.0
2020-10-08,100000.0,0,100000.0
2020-10-09,100000.0,0,100000.0
2020-10-12,100000.0,0,100000.0
2020-10-14,100000.0,0,100000.0
2020-10-15,100000.0,0,100000.0
2020-10-16,100000.0,0,100000.0
2020-10-19,100000.0,0,100000.0
2020-10-20,100000.0,0,100000.0
2020-10-21,100000.0,0,100000.0
2020-10-22,100000.0,0,100000.0
2020-10-23,100000.0,0,100000.0
2020-10-27,100000.0,0,100000.0
2020-10-28,100000.0,0,100000.0
2020-10-29,100000.0,0,100000.0
2020-10-30,100000.0,0,100000.0
2020-11-02,100000.0,0,100000.0
2020-11-03,100000.0,0,100000.0
2020-11-04,100000.0,0,100000.0
2020-11-05,100000.0,0,100000.0
2020-11-06,100000.0,0,100000.0
2020-11-09,100000.0,0,100000.0
2020-11-10,100000.0,0,100000.0
2020-11-11,100000.0,0,100000.0
2020-11-12,100000.0,0,100000.0
2020-11-13,100000.0,0,100000.0
2020-11-16,100000.0,0,100000.0
2020-11-17,100000.0,0,100000.0
2020-11-18,100000.0,0,100000.0
2020-11-19,100000.0,0,100000.0
2020-11-20,100000.0,0,100000.0
2020-11-23,100000.0,0,100000.0
2020-11-24,100000.0,0,100000.0
2020-11-25,100000.0,0,100000.0
2020-11-26,100000.0,0,100000.0
2020-11-27,100000.0,0,100000.0
2020-11-30,100000.0,0,100000.0
2020-12-01,100000.0,0,100000.0
2020-12-02,100000.0,0,100000.0
2020-12-03,100000.0,0,100000.0
2020-12-04,100000.0,0,100000.0
2020-12-07,100000.0,0,100000.0
2020-12-08,100000.0,0,100000.0
2020-12-09,100000.0,0,100000.0
2020-12-10,100000.0,0,100000.0
2020-12-11,100000.0,0,100000.0
2020-12-14,100000.0,0,100000.0
2020-12-15,100000.0,0,100000.0
2020-12-16,100000.0,0,100000.0
2020-12-17,100000.0,0,100000.0
2020-12-18,100000.0,0,100000.0
2020-12-21,100000.0,0,100000.0
2020-12-22,100000.0,0,100000.0
2020-12-23,100000.0,0,100000.0
2020-12-24,100000.0,0,100000.0
2020-12-28,100000.0,0,100000.0
2020-12-29,100000.0,0,100000.0
2020-12-30,100000.0,0,100000.0
2020-12-31,100000.0,0,100000.0
2021-01-04,100000.0,0,100000.0
2021-01-05,100000.0,0,100000.0
2021-01-06,100000.0,0,100000.0
2021-01-07,100000.0,0,100000.0
2021-01-08,100000.0,0,100000.0
2021-01-11,100000.0,0,100000.0
2021-01-12,100000.0,0,100000.0
2021-01-13,100000.0,0,100000.0
2021-01-14,100000.0,0,100000.0
2021-01-15,100000.0,0,100000.0
2021-01-18,100000.0,0,100000.0
2021-01-19,100000.0,0,100000.0
2021-01-20,100000.0,0,100000.0
2021-01-21,100000.0,0,100000.0
2021-01-22,100000.0,0,100000.0
2021-01-25,100000.0,0,100000.0
2021-01-26,100000.0,0,100000.0
2021-01-27,100000.0,0,100000.0
2021-01-28,100000.0,0,100000.0
2021-01-29,100000.0,0,100000.0
2021-02-01,100000.0,0,100000.0
2021-02-02,100000.0,0,100000.0
2021-02-03,100000.0,0,100000.0
2021-02-04,100000.0,0,100000.0
2021-02-05,100000.0,0,100000.0
2021-02-08,100000.0,0,100000.0
2021-02-09,100000.0,0,100000.0
2021-02-10,100000.0,0,100000.0
2021-02-11,100000.0,0,100000.0
2021-02-16,100000.0,0,100000.0
2021-02-17,100000.0,0,100000.0
2021-02-18,100000.0,0,100000.0
2021-02-19,100000.0,0,100000.0
2021-02-22,100000.0,0,100000.0
2021-02-23,100000.0,0,100000.0
2021-02-24,100000.0,0,100000.0
2021-02-25,100000.0,0,100000.0
2021-02-26,100000.0,0,100000.0
2021-03-01,100000.0,0,100000.0
2021-03-02,100000.0,0,100000.0
2021-03-03,100000.0,0,100000.0
2021-03-04,100000.0,0,100000.0
2021-03-05,100000.0,0,100000.0
2021-03-08,100000.0,0,100000.0
2021-03-09,100000.0,0,100000.0
2021-03-10,100000.0,0,100000.0
2021-03-11,100000.0,0,100000.0
2021-03-12,100000.0,0,100000.0
2021-03-15,100000.0,0,100000.0
2021-03-16,100000.0,0,100000.0
2021-03-17,100000.0,0,100000.0
2021-03-18,100000.0,0,100000.0
2021-03-19,100000.0,0,100000.0
2021-03-22,100000.0,0,100000.0
2021-03-23,100000.0,0,100000.0
2021-03-24,100000.0,0,100000.0
2021-03-25,100000.0,0,100000.0
2021-03-26,100000.0,0,100000.0
2021-03-29,100000.0,0,100000.0
2021-03-30,100000.0,0,100000.0
2021-03-31,99905.0,5,4905.0
2021-04-01,100781.84731973849,5,4905.0
2021-04-07,99875.77408443985,5,4905.0
2021-04-08,101088.08921088818,5,4905.0
2021-04-09,100333.76602494364,5,4905.0
2021-04-12,99233.00427451567,5,4905.0
2021-04-13,99195.69400960239,5,4905.0
2021-04-14,100231.16218244989,5,4905.0
2021-04-15,99888.24674599552,5,4905.0
2021-04-16,100538.14082370445,5,4905.0
2021-04-19,102556.14434693898,5,4905.0
2021-04-20,103020.58063854961,5,4905.0
2021-04-21,101345.2416003818,5,4905.0
2021-04-22,101578.96089766547,5,4905.0
2021-04-23,102339.80620155504,5,4905.0
2021-04-26,102271.44394217807,5,4905.0
2021-04-27,101994.17014193382,5,4905.0
2021-04-28,102867.4262152044,5,4905.0
2021-04-29,102368.38560079335,5,4905.0
2021-04-30,100041.32656606624,5,4911.6931765833
2021-05-03,98492.72126403743,5,4911.6931765833
2021-05-04,100207.18905868204,5,4911.6931765833
2021-05-05,100597.13652754205,5,4911.6931765833
2021-05-06,101571.78575930187,5,4911.6931765833
2021-05-07,101995.97286760702,5,4911.6931765833
2021-05-10,103098.37798509165,5,4911.6931765833
2021-05-11,100903.73611735829,5,4911.6931765833
2021-05-12,100734.62376098364,5,4911.6931765833
2021-05-13,99969.8152253412,5,4911.6931765833
2021-05-14,101573.32495567092,5,4911.6931765833
2021-05-17,101950.79709667648,5,4911.6931765833
2021-05-18,103861.86042634767,5,4911.6931765833
2021-05-20,102171.81822397198,5,4911.6931765833
2021-05-21,101939.27123696516,5,4911.6931765833
2021-05-24,102036.38102714368,5,4911.6931765833
2021-05-25,103839.66568623018,5,4911.6931765833
2021-05-26,104109.11980141491,5,4911.6931765833
2021-05-27,104004.23458495006,5,4911.6931765833
2021-05-28,104959.99026157452,5,4911.6931765833
2021-05-31,103541.60470450923,5,5083.545078580813
2021-06-01,104537.57028354687,5,5083.545078580813
2021-06-02,104459.93474462861,5,5083.545078580813
2021-06-03,103518.59600864226,5,5083.545078580813
2021-06-04,103727.77292394909,5,5083.545078580813
2021-06-07,102989.92957280067,5,5083.545078580813
2021-06-08,103016.80833973578,5,5083.545078580813
2021-06-09,102914.85884094931,5,5083.545078580813
2021-06-10,102474.07391398205,5,5083.545078580813
2021-06-11,103377.95603090021,5,5083.545078580813
2021-06-15,102333.9585653843,5,5083.545078580813
2021-06-16,103342.98038117625,5,5083.545078580813
2021-06-17,103904.68344334865,5,5083.545078580813
2021-06-18,103198.09654064078,5,5083.545078580813
2021-06-21,101363.47812670257,5,5083.545078580813
2021-06-22,102401.21511164727,5,5083.545078580813
2021-06-23,104088.27921384614,5,5083.545078580813
2021-06-24,104608.14174452412,5,5083.545078580813
2021-06-25,106159.02604442884,5,5083.545078580813
2021-06-28,105363.85470661547,5,5083.545078580813
2021-06-29,103714.02697929324,5,5083.545078580813
2021-06-30,103792.4706145949,5,5095.861752310557
2021-07-02,102029.64645653105,5,5095.861752310557
2021-07-05,102387.2200014019,5,5095.861752310557
2021-07-06,101875.14357935978,5,5095.861752310557
2021-07-07,100850.4820054732,5,5095.861752310557
2021-07-08,96778.99176566646,5,5095.861752310557
2021-07-09,97087.00287563636,5,5095.861752310557
2021-07-12,98605.05036357074,5,5095.861752310557
2021-07-13,99776.66089591835,5,5095.861752310557
2021-07-14,97548.9703234667,5,5095.861752310557
2021-07-15,97121.74920161997,5,5095.861752310557
2021-07-16,96345.18416703626,5,5095.861752310557
2021-07-19,94581.96869009273,5,5095.861752310557
2021-07-20,93181.47579605505,5,5095.861752310557
2021-07-21,93840.1220675199,5,5095.861752310557
2021-07-22,96174.58573571895,5,5095.861752310557
2021-07-23,95680.44366258115,5,5095.861752310557
2021-07-26,91729.88036363115,5,5095.861752310557
2021-07-27,87993.86984462262,5,5095.861752310557
2021-07-28,89753.21615597932,5,5095.861752310557
2021-07-29,92345.37379511655,5,5095.861752310557
2021-07-30,91894.2647484424,5,5095.861752310557
2021-08-02,94195.68169437803,5,5095.861752310557
2021-08-03,94029.67508850177,5,5095.861752310557
2021-08-04,95992.9337665994,5,5095.861752310557
2021-08-05,94612.87863828114,5,5095.861752310557
2021-08-06,95559.1281100864,5,5095.861752310557
2021-08-09,95111.6342569344,5,5095.861752310557
2021-08-10,96783.08534816175,5,5095.861752310557
2021-08-11,97479.32995084397,5,5095.861752310557
2021-08-12,98723.18961895784,5,5095.861752310557
2021-08-13,98076.66157371097,5,5095.861752310557
2021-08-16,95426.74777965425,5,5095.861752310557
2021-08-17,93916.09178227998,5,5095.861752310557
2021-08-18,95139.46198978374,5,5095.861752310557
2021-08-19,92879.06775704882,5,5095.861752310557
2021-08-20,90622.00860712607,5,5095.861752310557
2021-08-23,92130.92358034154,5,5095.861752310557
2021-08-24,94219.00416287858,5,5095.861752310557
2021-08-25,94686.53920039834,5,5095.861752310557
2021-08-26,93645.28032781961,5,5095.861752310557
2021-08-27,94223.46256720883,5,5095.861752310557
2021-08-30,95160.90851323737,5,5095.861752310557
2021-08-31,97135.08494680918,5,4769.006472790148
2021-09-01,96601.63697916089,5,4769.006472790148
2021-09-02,97277.26047043603,5,4769.006472790148
2021-09-03,96803.95337099218,5,4769.006472790148
2021-09-06,98921.53296918541,5,4769.006472790148
2021-09-07,99286.4024959355,5,4769.006472790148
2021-09-08,98248.91073395695,5,4769.006472790148
2021-09-09,97397.48985935652,5,4769.006472790148
2021-09-10,98348.64448430775,5,4769.006472790148
2021-09-13,98991.35651800288,5,4769.006472790148
2021-09-14,99348.03870065848,5,4769.006472790148
2021-09-15,99308.93714938396,5,4769.006472790148
2021-09-16,97764.08160958384,5,4769.006472790148
2021-09-17,98612.3155266343,5,4769.006472790148
2021-09-20,94818.96431724468,5,4769.006472790148
2021-09-21,94965.83506528876,5,4769.006472790148
2021-09-23,94950.8452436938,5,4769.006472790148
2021-09-24,94632.48747583703,5,4769.006472790148
2021-09-27,94136.73804539096,5,4769.006472790148
2021-09-28,94919.0619638509,5,4769.006472790148
2021-09-29,94054.66353358963,5,4769.006472790148
2021-09-30,94266.39036018625,5,4628.163202209253
2021-10-04,93720.1199516108,5,4628.163202209253
2021-10-05,95816.6158480508,5,4628.163202209253
2021-10-06,97496.73448818295,5,4628.163202209253
2021-10-07,97115.59662673615,5,4628.163202209253
2021-10-08,97259.44213063254,5,4628.163202209253
2021-10-11,97910.98122711516,5,4628.163202209253
2021-10-12,96796.34718890379,5,4628.163202209253
2021-10-15,97576.34575926732,5,4628.163202209253
2021-10-18,98175.63152168697,5,4628.163202209253
2021-10-19,98869.4130941706,5,4628.163202209253
2021-10-20,98568.09621828217,5,4628.163202209253
2021-10-21,98484.36751375743,5,4628.163202209253
2021-10-22,97479.75336841546,5,4628.163202209253
2021-10-25,98193.83781606745,5,4628.163202209253
2021-10-26,98296.91184753436,5,4628.163202209253
2021-10-27,97652.52956211515,5,4628.163202209253
2021-10-28,96101.39397279613,5,4628.163202209253
2021-10-29,96672.29318527339,5,4628.163202209253
2021-11-01,96486.48147023417,5,4628.163202209253
2021-11-02,95872.6212523994,5,4628.163202209253
2021-11-03,95276.4958535023,5,4628.163202209253
2021-11-04,95258.42137693029,5,4628.163202209253
2021-11-05,93198.60245376648,5,4628.163202209253
2021-11-08,93910.97902983274,5,4628.163202209253
2021-11-09,93716.23838587975,5,4628.163202209253
2021-11-10,93529.30739946914,5,4628.163202209253
2021-11-11,93716.60008066762,5,4628.163202209253
2021-11-12,93804.26078414536,5,4628.163202209253
2021-11-15,93722.50657877614,5,4628.163202209253
2021-11-16,94377.39487458434,5,4628.163202209253
2021-11-17,94489.02717549818,5,4628.163202209253
2021-11-18,94020.99612169676,5,4628.163202209253
2021-11-19,94153.43487962075,5,4628.163202209253
2021-11-22,93244.74560678593,5,4628.163202209253
2021-11-23,93080.18114090075,5,4628.163202209253
2021-11-24,93521.06214704677,5,4628.163202209253
2021-11-25,93350.91509022101,5,4628.163202209253
2021-11-26,91203.04788009079,5,4628.163202209253
2021-11-29,90679.07577922259,5,4628.163202209253
2021-11-30,89186.29865213018,5,4378.7477592582945
2021-12-01,89388.43856647026,5,4378.7477592582945
2021-12-02,89508.78414402434,5,4378.7477592582945
2021-12-03,90330.74839689376,5,4378.7477592582945
2021-12-06,89092.06798344027,5,4378.7477592582945
2021-12-07,89897.57071068024,5,4378.7477592582945
2021-12-08,90551.09914338816,5,4378.7477592582945
2021-12-09,91306.73022251198,5,4378.7477592582945
2021-12-10,90845.49367066039,5,4378.7477592582945
2021-12-13,90193.84309152677,5,4378.7477592582945
2021-12-14,89170.70943083873,5,4378.7477592582945
2021-12-15,88605.14791491206,5,4378.7477592582945
2021-12-16,89777.78393516404,5,4378.7477592582945
2021-12-17,89639.40731987887,5,4378.7477592582945
2021-12-20,87451.98187637015,5,4378.7477592582945
2021-12-21,87557.5796554469,5,4378.7477592582945
2021-12-22,88770.03382755266,5,4378.7477592582945
2021-12-23,89902.06988366783,5,4378.7477592582945
2021-12-24,90093.39294344326,5,4378.7477592582945
2021-12-28,89694.03851563105,5,4378.7477592582945
2021-12-29,90325.97519274213,5,4378.7477592582945
2021-12-30,90257.49680189596,5,4378.7477592582945
2021-12-31,90174.28186984349,5,4427.254417412354
2022-01-03,90747.37542922032,5,4427.254417412354
2022-01-04,91471.26719260795,5,4427.254417412354
2022-01-05,91846.54682250365,5,4427.254417412354
2022-01-06,91639.49321064824,5,4427.254417412354
2022-01-07,91966.95843335692,5,4427.254417412354
2022-01-10,92871.20414202311,5,4427.254417412354
2022-01-11,92860.25616180326,5,4427.254417412354
2022-01-12,93751.68076457159,5,4427.254417412354
2022-01-13,93894.99414449942,5,4427.254417412354
2022-01-14,94285.90888138601,5,4427.254417412354
2022-01-17,94054.00644101336,5,4427.254417412354
2022-01-18,93817.7514793356,5,4427.254417412354
2022-01-19,93486.77190716242,5,4427.254417412354
2022-01-20,93748.28276842402,5,4427.254417412354
2022-01-21,93238.28780876394,5,4427.254417412354
2022-01-24,93543.85294253365,5,4427.254417412354
2022-01-25,92754.38560089661,5,4427.254417412354
2022-01-26,93754.4310253305,5,4427.254417412354
2022-01-27,93790.64585202438,5,4427.254417412354
2022-01-28,93671.26781132538,5,4427.254417412354
2022-01-31,93420.3596538651,5,4586.625935660944
2022-02-04,95278.00580873273,5,4586.625935660944
2022-02-07,96437.28298498332,5,4586.625935660944
2022-02-08,96707.21542046839,5,4586.625935660944
2022-02-09,97266.57644925095,5,4586.625935660944
2022-02-10,97277.5296175573,5,4586.625935660944
2022-02-11,97579.18469056682,5,4586.625935660944
2022-02-14,97383.08184740006,5,4586.625935660944
2022-02-15,95589.33056408342,5,4586.625935660944
2022-02-16,96385.59103969706,5,4586.625935660944
2022-02-17,96126.0581360595,5,4586.625935660944
2022-02-18,96348.88991997941,5,4586.625935660944
2022-02-21,96992.31450131148,5,4586.625935660944
2022-02-22,95589.40955860051,5,4586.625935660944
2022-02-23,95860.65864033799,5,4586.625935660944
2022-02-24,94545.54651404393,5,4586.625935660944
2022-02-25,92917.75398466867,5,4586.625935660944
2022-02-28,93023.8626510121,5,4567.159264333255
2022-03-01,92793.79219119882,5,4567.159264333255
2022-03-02,92454.73395966577,5,4567.159264333255
2022-03-03,94194.12935979763,5,4567.159264333255
2022-03-04,93074.81863317566,5,4567.159264333255
2022-03-07,92364.85728808612,5,4567.159264333255
2022-03-08,90713.32383412268,5,4567.159264333255
2022-03-09,90224.97238824607,5,4567.159264333255
2022-03-10,90586.95395499656,5,4567.159264333255
2022-03-11,89719.20570834573,5,4567.159264333255
2022-03-14,88742.64339700041,5,4567.159264333255
2022-03-15,85403.63019420013,5,4567.159264333255
2022-03-16,86209.10298437806,5,4567.159264333255
2022-03-17,89468.8442815565,5,4567.159264333255
2022-03-18,90489.77292118697,5,4567.159264333255
2022-03-21,90235.4645589609,5,4567.159264333255
2022-03-22,92442.66064842306,5,4567.159264333255
2022-03-23,92231.72184522355,5,4567.159264333255
2022-03-24,92797.47276793314,5,4567.159264333255
2022-03-25,93004.06967460405,5,4567.159264333255
2022-03-28,94380.02562237816,5,4567.159264333255
2022-03-29,95107.59801917877,5,4567.159264333255
2022-03-30,96130.45154651235,5,4567.159264333255
2022-03-31,95467.91365314182,5,4687.1539609495085
2022-04-01,95660.57672326684,5,4687.1539609495085
2022-04-04,96266.80933956978,5,4687.1539609495085
2022-04-06,97523.42325827767,5,4687.1539609495085
2022-04-07,96682.18004150747,5,4687.1539609495085
2022-04-08,97451.84664538773,5,4687.1539609495085
2022-04-11,96042.04468766449,5,4687.1539609495085
2022-04-12,95226.95211152865,5,4687.1539609495085
2022-04-13,96586.80673902496,5,4687.1539609495085
2022-04-14,96854.77078266144,5,4687.1539609495085
2022-04-19,97252.6557914508,5,4687.1539609495085
2022-04-20,96053.22507224222,5,4687.1539609495085
2022-04-21,95354.18605710332,5,4687.1539609495085
2022-04-22,95162.27316844824,5,4687.1539609495085
2022-04-25,91303.67541910749,5,4687.1539609495085
2022-04-26,89376.61535635123,5,4687.1539609495085
2022-04-27,90003.15761353515,5,4687.1539609495085
2022-04-28,91721.18849963149,5,4687.1539609495085
2022-04-29,92349.03121383762,5,4687.1539609495085
2022-05-03,92654.37780092284,5,4687.1539609495085
2022-05-04,92914.5876205539,5,4687.1539609495085
2022-05-05,93124.74938859955,5,4687.1539609495085
2022-05-06,91898.18373522497,5,4687.1539609495085
2022-05-10,90112.21205209654,5,4687.1539609495085
2022-05-11,89946.26780173494,5,4687.1539609495085
2022-05-12,88730.91464662817,5,4687.1539609495085
2022-05-13,89956.1238030989,5,4687.1539609495085
2022-05-16,89829.85619819902,5,4687.1539609495085
2022-05-17,91228.9807393348,5,4687.1539609495085
2022-05-18,91772.55109343641,5,4687.1539609495085
2022-05-19,90893.54026831118,5,4687.1539609495085
2022-05-20,92458.4186851844,5,4687.1539609495085
2022-05-23,92937.46407204225,5,4687.1539609495085
2022-05-24,93196.93208886834,5,4687.1539609495085
2022-05-25,94655.92130830017,5,4687.1539609495085
2022-05-26,94927.46493177475,5,4687.1539609495085
2022-05-27,96553.29814014708,5,4687.1539609495085
2022-05-30,96889.73427758503,5,4687.1539609495085
2022-05-31,97733.27856508907,5,4798.375770599676
2022-06-01,97356.62404528484,5,4798.375770599676
2022-06-02,96697.30794634347,5,4798.375770599676
2022-06-06,97414.56929668228,5,4798.375770599676
2022-06-07,96417.91274184716,5,4798.375770599676
2022-06-08,96446.8185766851,5,4798.375770599676
2022-06-09,96320.46006674416,5,4798.375770599676
2022-06-10,95818.62395704802,5,4798.375770599676
2022-06-13,94843.59127888392,5,4798.375770599676
2022-06-14,95079.85039147455,5,4798.375770599676
2022-06-15,94805.93431263519,5,4798.375770599676
2022-06-16,93635.20175647497,5,4798.375770599676
2022-06-17,93534.52482900547,5,4798.375770599676
2022-06-20,92894.1141845643,5,4798.375770599676
2022-06-21,94586.71963520377,5,4798.375770599676
2022-06-22,93051.91481835948,5,4798.375770599676
2022-06-23,93429.25135324633,5,4798.375770599676
2022-06-24,93338.90838724899,5,4798.375770599676
2022-06-27,94515.83953295226,5,4798.375770599676
2022-06-28,95905.98386806328,5,4798.375770599676
2022-06-29,95633.05501311793,5,4798.375770599676
2022-06-30,95037.64668415923,5,4666.029297690817
2022-07-04,95056.79181517355,5,4666.029297690817
2022-07-05,95401.78314605472,5,4666.029297690817
2022-07-06,93945.33236374243,5,4666.029297690817
2022-07-07,94603.20176548586,5,4666.029297690817
2022-07-08,94359.60138790339,5,4666.029297690817
2022-07-11,92794.53629622035,5,4666.029297690817
2022-07-12,90394.15708618145,5,4666.029297690817
2022-07-13,89533.87988958228,5,4666.029297690817
2022-07-14,89394.45914478324,5,4666.029297690817
2022-07-15,89025.56874170931,5,4666.029297690817
2022-07-18,91317.46324130136,5,4666.029297690817
2022-07-19,90995.59548458765,5,4666.029297690817
2022-07-20,91059.82522262313,5,4666.029297690817
2022-07-21,89275.14196107909,5,4666.029297690817
2022-07-22,89604.02333382453,5,4666.029297690817
2022-07-25,89773.65296461046,5,4666.029297690817
2022-07-26,90774.1814125746,5,4666.029297690817
2022-07-27,90567.90528425612,5,4666.029297690817
2022-07-28,90733.06584513956,5,4666.029297690817
2022-07-29,90097.12379385918,5,4666.029297690817
2022-08-01,90400.20537932089,5,4666.029297690817
2022-08-02,88209.91469512571,5,4666.029297690817
2022-08-03,87770.82640130192,5,4666.029297690817
2022-08-04,88748.13145519898,5,4666.029297690817
2022-08-05,88508.05174459348,5,4666.029297690817
2022-08-08,89017.65041031918,5,4666.029297690817
2022-08-09,88986.50419823601,5,4666.029297690817
2022-08-10,87600.03358108582,5,4666.029297690817
2022-08-11,88952.09616396407,5,4666.029297690817
2022-08-12,89784.62201757476,5,4666.029297690817
2022-08-15,89162.24172141985,5,4666.029297690817
2022-08-16,88263.32137679658,5,4666.029297690817
2022-08-17,88596.09564991586,5,4666.029297690817
2022-08-18,87813.58131341258,5,4666.029297690817
2022-08-19,87821.99173114926,5,4666.029297690817
2022-08-22,87852.68240389062,5,4666.029297690817
2022-08-23,87724.60192178545,5,4666.029297690817
2022-08-24,86766.23528195798,5,4666.029297690817
2022-08-25,89109.41133619219,5,4666.029297690817
2022-08-26,89236.07825659917,5,4666.029297690817
2022-08-29,89228.14749013094,5,4666.029297690817
2022-08-30,88925.89885130225,5,4666.029297690817
2022-08-31,87232.54056540655,5,4282.824798291556
2022-09-01,85724.26608961198,5,4282.824798291556
2022-09-02,85150.75858278666,5,4282.824798291556
2022-09-05,85279.72058437704,5,4282.824798291556
2022-09-06,85300.10058967283,5,4282.824798291556
2022-09-07,84975.03788268837,5,4282.824798291556
2022-09-08,84253.74938719827,5,4282.824798291556
2022-09-09,86136.11786537638,5,4282.824798291556
2022-09-13,86571.40945495488,5,4282.824798291556
2022-09-14,86148.86775968564,5,4282.824798291556
2022-09-15,86462.53983640185,5,4282.824798291556
2022-09-16,85842.89014109806,5,4282.824798291556
2022-09-19,85350.81624155512,5,4282.824798291556
2022-09-20,85857.09702860567,5,4282.824798291556
2022-09-21,85499.83535449521,5,4282.824798291556
2022-09-22,84881.13261544367,5,4282.824798291556
2022-09-23,84563.62455901346,5,4282.824798291556
2022-09-26,83719.95587682471,5,4282.824798291556
2022-09-27,83410.95522808575,5,4282.824798291556
2022-09-28,81220.75143306836,5,4282.824798291556
2022-09-29,81046.42034335298,5,4282.824798291556
2022-09-30,81039.65280161353,5,3978.7748059848454
2022-10-03,80509.02478605483,5,3978.7748059848454
2022-10-05,82949.8428615953,5,3978.7748059848454
2022-10-06,83013.03575029748,5,3978.7748059848454
2022-10-07,82589.6424149631,5,3978.7748059848454
2022-10-10,81757.30297082136,5,3978.7748059848454
2022-10-11,80965.52661715855,5,3978.7748059848454
2022-10-12,80529.16989366314,5,3978.7748059848454
2022-10-13,80126.25243619632,5,3978.7748059848454
2022-10-14,80351.39042207447,5,3978.7748059848454
2022-10-17,81269.20393116376,5,3978.7748059848454
2022-10-18,81545.25513517667,5,3978.7748059848454
2022-10-19,81453.0132182076,5,3978.7748059848454
2022-10-20,81632.49941325569,5,3978.7748059848454
2022-10-21,81660.48941388866,5,3978.7748059848454
2022-10-24,80183.43079367743,5,3978.7748059848454
2022-10-25,80516.00270652471,5,3978.7748059848454
2022-10-26,80476.01932084703,5,3978.7748059848454
2022-10-27,80732.01586683316,5,3978.7748059848454
2022-10-28,80249.59656683236,5,3978.7748059848454
2022-10-31,77979.03052934454,5,3828.508530568397
2022-11-01,78982.4811612202,5,3828.508530568397
2022-11-02,80003.20472370496,5,3828.508530568397
2022-11-03,79138.65306897776,5,3828.508530568397
2022-11-04,80344.21517392952,5,3828.508530568397
2022-11-07,82136.8156417025,5,3828.508530568397
2022-11-08,82495.06080658926,5,3828.508530568397
2022-11-09,82287.83776784549,5,3828.508530568397
2022-11-10,81657.99321148088,5,3828.508530568397
2022-11-11,83473.88671035404,5,3828.508530568397
2022-11-14,83525.36049907556,5,3828.508530568397
2022-11-15,84507.56665463769,5,3828.508530568397
2022-11-16,84672.56920288128,5,3828.508530568397
2022-11-17,84661.32300283396,5,3828.508530568397
2022-11-18,83646.55037028532,5,3828.508530568397
2022-11-21,83461.15993624373,5,3828.508530568397
2022-11-22,84643.78927740728,5,3828.508530568397
2022-11-23,85099.14920999037,5,3828.508530568397
2022-11-24,84931.57546411105,5,3828.508530568397
2022-11-25,85431.50271856567,5,3828.508530568397
2022-11-28,84392.31158117621,5,3828.508530568397
2022-11-29,85492.12001889551,5,3828.508530568397
2022-11-30,85922.29856472323,5,4218.496316099983
2022-12-01,85262.54684157672,5,4218.496316099983
2022-12-02,85097.95449451712,5,4218.496316099983
2022-12-05,87035.30836809185,5,4218.496316099983
2022-12-06,86418.66062683242,5,4218.496316099983
2022-12-07,84653.47162496622,5,4218.496316099983
2022-12-08,84849.54191850568,5,4218.496316099983
2022-12-09,85584.86052764917,5,4218.496316099983
2022-12-12,85228.01692117329,5,4218.496316099983
2022-12-13,85297.35093581895,5,4218.496316099983
2022-12-14,85662.4109217067,5,4218.496316099983
2022-12-15,85587.33072401056,5,4218.496316099983
2022-12-16,86021.91519703882,5,4218.496316099983
2022-12-19,85398.65666949641,5,4218.496316099983
2022-12-20,84969.3409193817,5,4218.496316099983
2022-12-21,85396.25225261625,5,4218.496316099983
2022-12-22,86453.8234528878,5,4218.496316099983
2022-12-23,86276.009084774,5,4218.496316099983
2022-12-28,88054.01515236712,5,4218.496316099983
2022-12-29,87474.94246634594,5,4218.496316099983
2022-12-30,88243.09471395626,5,4218.496316099983
2023-01-03,89286.8603920606,5,4218.496316099983
2023-01-04,90561.25635975364,5,4218.496316099983
2023-01-05,89868.96136317687,5,4218.496316099983
2023-01-06,89939.06754833527,5,4218.496316099983
2023-01-09,90499.45124507888,5,4218.496316099983
2023-01-10,90210.36239861851,5,4218.496316099983
2023-01-11,91668.16299657212,5,4218.496316099983
2023-01-12,93199.5145844529,5,4218.496316099983
2023-01-13,94281.18752878046,5,4218.496316099983
2023-01-16,94457.52533308056,5,4218.496316099983
2023-01-17,93627.8766732555,5,4218.496316099983
2023-01-18,94781.54779439606,5,4218.496316099983
2023-01-19,94599.70419766306,5,4218.496316099983
2023-01-20,96990.50646867134,5,4218.496316099983
2023-01-26,98614.9977370009,5,4218.496316099983
2023-01-27,99096.36011127161,5,4218.496316099983
2023-01-30,97512.94671003669,5,4218.496316099983
2023-01-31,96706.7226323742,5,4747.975321673526
2023-02-01,96511.34733512416,5,4747.975321673526
2023-02-02,95511.31304482493,5,4747.975321673526
2023-02-03,93777.33446235422,5,4747.975321673526
2023-02-06,92796.21010420613,5,4747.975321673526
2023-02-07,93186.10655941452,5,4747.975321673526
2023-02-08,93978.40600268357,5,4747.975321673526
2023-02-09,96215.9560129696,5,4747.975321673526
2023-02-10,94543.28894071473,5,4747.975321673526
2023-02-13,94715.3868402102,5,4747.975321673526
2023-02-14,94907.43640166715,5,4747.975321673526
2023-02-15,93120.45389737372,5,4747.975321673526
2023-02-16,94147.92105339051,5,4747.975321673526
2023-02-17,93134.25603440905,5,4747.975321673526
2023-02-20,94423.49231497808,5,4747.975321673526
2023-02-21,92857.02789848793,5,4747.975321673526
2023-02-22,92713.92298021598,5,4747.975321673526
2023-02-23,92071.13829017748,5,4747.975321673526
2023-02-24,90975.4723153719,5,4747.975321673526
2023-02-27,90663.89391058379,5,4747.975321673526
2023-02-28,90358.12915206945,5,4436.2807015755025
2023-03-01,93838.16785530676,5,4436.2807015755025
2023-03-02,93870.90910432715,5,4436.2807015755025
2023-03-03,94557.254870859,5,4436.2807015755025
2023-03-06,94998.29307431667,5,4436.2807015755025
2023-03-07,95073.65538097572,5,4436.2807015755025
2023-03-08,94048.8017423668,5,4436.2807015755025
2023-03-09,93746.62340005848,5,4436.2807015755025
2023-03-10,91226.34366103596,5,4436.2807015755025
2023-03-13,93674.66440016485,5,4436.2807015755025
2023-03-14,90962.48197274079,5,4436.2807015755025
2023-03-15,92607.30047844286,5,4436.2807015755025
2023-03-16,90653.13579025728,5,4436.2807015755025
2023-03-17,92577.60547411512,5,4436.2807015755025
2023-03-20,89836.94298693564,5,4436.2807015755025
2023-03-21,90361.70049658493,5,4436.2807015755025
2023-03-22,91744.86781011676,5,4436.2807015755025
2023-03-23,93672.37026692269,5,4436.2807015755025
2023-03-24,92182.1741117007,5,4436.2807015755025
2023-03-27,91150.64971119977,5,4436.2807015755025
2023-03-28,92575.92350734657,5,4436.2807015755025
2023-03-29,93174.45238083173,5,4436.2807015755025
2023-03-30,94037.94906077572,5,4436.2807015755025
2023-03-31,94575.72421352538,5,4643.350455606254
2023-04-03,95550.21333264465,5,4643.350455606254
2023-04-04,96349.64226934324,5,4643.350455606254
2023-04-06,96129.17901549197,5,4643.350455606254
2023-04-11,96280.87682569535,5,4643.350455606254
2023-04-12,95802.09827350853,5,4643.350455606254
2023-04-13,96648.53619926822,5,4643.350455606254
2023-04-14,97576.57134040758,5,4643.350455606254
2023-04-17,100521.08657398881,5,4643.350455606254
2023-04-18,100498.25212187326,5,4643.350455606254
2023-04-19,98892.41366455975,5,4643.350455606254
2023-04-20,99763.77827055227,5,4643.350455606254
2023-04-21,98774.71922487918,5,4643.350455606254
2023-04-24,98527.67018704228,5,4643.350455606254
2023-04-25,98886.08723118516,5,4643.350455606254
2023-04-26,98697.9672856886,5,4643.350455606254
2023-04-27,100000.14924926755,5,4643.350455606254
2023-04-28,100761.34746829495,5,4643.350455606254
2023-05-02,101174.61543897285,5,4643.350455606254
2023-05-03,99679.30930888007,5,4643.350455606254
2023-05-04,101552.1029088957,5,4643.350455606254
2023-05-05,101740.98039548451,5,4643.350455606254
2023-05-08,103433.2529638511,5,4643.350455606254
2023-05-09,102123.14536663586,5,4643.350455606254
2023-05-10,101507.66300121784,5,4643.350455606254
2023-05-11,101024.7811515061,5,4643.350455606254
2023-05-12,99977.9691866015,5,4643.350455606254
2023-05-15,101734.77364074254,5,4643.350455606254
2023-05-16,101791.32339971124,5,4643.350455606254
2023-05-17,99762.84327969303,5,4643.350455606254
2023-05-18,101671.86898067789,5,4643.350455606254
2023-05-19,100846.33990623594,5,4643.350455606254
2023-05-22,101567.25492225996,5,4643.350455606254
2023-05-23,100436.97813726161,5,4643.350455606254
2023-05-24,99041.38164971722,5,4643.350455606254
2023-05-25,97334.09455141678,5,4643.350455606254
2023-05-29,97111.3605948212,5,4643.350455606254
2023-05-30,97340.48252598426,5,4643.350455606254
2023-05-31,94820.80205805638,5,4655.38295475467
2023-06-01,94755.70682502928,5,4655.38295475467
2023-06-02,96984.03772417788,5,4655.38295475467
2023-06-05,98082.56081916188,5,4655.38295475467
2023-06-06,98983.85649672273,5,4655.38295475467
2023-06-07,99308.9451725496,5,4655.38295475467
2023-06-08,99560.00365216014,5,4655.38295475467
2023-06-09,100970.7803620919,5,4655.38295475467
2023-06-12,100625.21650092449,5,4655.38295475467
2023-06-13,100226.33748702746,5,4655.38295475467
2023-06-14,100146.41810377673,5,4655.38295475467
2023-06-15,101520.25924886746,5,4655.38295475467
2023-06-16,101978.9428533373,5,4655.38295475467
2023-06-19,102160.40856665868,5,4655.38295475467
2023-06-20,101562.20037725772,5,4655.38295475467
2023-06-21,101530.84298864214,5,4655.38295475467
2023-06-23,99717.12165787385,5,4655.38295475467
2023-06-26,99781.65640753196,5,4655.38295475467
2023-06-27,100596.7827935724,5,4655.38295475467
2023-06-28,100801.913726483,5,4655.38295475467
2023-06-29,99797.8293906353,5,4655.38295475467
2023-06-30,100086.52794826357,5,4913.912412654339
2023-07-03,102515.40425930318,5,4913.912412654339
2023-07-04,102890.35857011724,5,4913.912412654339
2023-07-05,101706.51943079077,5,4913.912412654339
2023-07-06,100464.46209557727,5,4913.912412654339
2023-07-07,99116.11073322376,5,4913.912412654339
2023-07-10,99142.39899882823,5,4913.912412654339
2023-07-11,99758.05609772398,5,4913.912412654339
2023-07-12,100039.45437945492,5,4913.912412654339
2023-07-13,101784.32518766818,5,4913.912412654339
2023-07-14,102711.8246387653,5,4913.912412654339
2023-07-18,102143.87709510405,5,4913.912412654339
2023-07-19,102615.13902514538,5,4913.912412654339
2023-07-20,102828.68383569346,5,4913.912412654339
2023-07-21,103496.40684295728,5,4913.912412654339
2023-07-24,102026.95626181632,5,4913.912412654339
2023-07-25,103425.4873781226,5,4913.912412654339
2023-07-26,103103.42158432817,5,4913.912412654339
2023-07-27,103530.95749930572,5,4913.912412654339
2023-07-28,103882.7669569783,5,4913.912412654339
2023-07-31,104144.84391902079,5,5113.162098221277
2023-08-01,105105.79537489728,5,5113.162098221277
2023-08-02,102723.13206099143,5,5113.162098221277
2023-08-03,101529.52647388041,5,5113.162098221277
2023-08-04,102424.76411450739,5,5113.162098221277
2023-08-07,103543.48000634582,5,5113.162098221277
2023-08-08,103111.35064555898,5,5113.162098221277
2023-08-09,103328.33571084237,5,5113.162098221277
2023-08-10,104085.75033255303,5,5113.162098221277
2023-08-11,104130.27888088103,5,5113.162098221277
2023-08-14,102474.75646684741,5,5113.162098221277
2023-08-15,101610.83709085027,5,5113.162098221277
2023-08-16,99899.59880424631,5,5113.162098221277
2023-08-17,99869.05452593975,5,5113.162098221277
2023-08-18,98790.12228619083,5,5113.162098221277
2023-08-21,97691.98130475343,5,5113.162098221277
2023-08-22,98321.90515181051,5,5113.162098221277
2023-08-23,98607.73674684278,5,5113.162098221277
2023-08-24,99567.70678967061,5,5113.162098221277
2023-08-25,99195.53615352986,5,5113.162098221277
2023-08-28,99593.75995864204,5,5113.162098221277
2023-08-29,100918.3566466202,5,5113.162098221277
2023-08-30,101728.62058519144,5,5113.162098221277
2023-08-31,102183.91119681974,5,5016.886886746412
2023-09-04,104502.68075869803,5,5016.886886746412
2023-09-05,102710.15627925866,5,5016.886886746412
2023-09-06,103373.92016042102,5,5016.886886746412
2023-09-07,104007.07927526883,5,5016.886886746412
2023-09-11,102979.21077691962,5,5016.886886746412
2023-09-12,102094.22483394903,5,5016.886886746412
2023-09-13,102127.99560985045,5,5016.886886746412
2023-09-14,104965.72309023738,5,5016.886886746412
2023-09-15,105178.33108024145,5,5016.886886746412
2023-09-18,103826.32822469156,5,5016.886886746412
2023-09-19,104226.71480600885,5,5016.886886746412
2023-09-20,103961.0110935625,5,5016.886886746412
2023-09-21,103548.00750197112,5,5016.886886746412
2023-09-22,104938.99536092338,5,5016.886886746412
2023-09-25,103680.74288889315,5,5016.886886746412
2023-09-26,102325.10101653857,5,5016.886886746412
2023-09-27,103505.11888377246,5,5016.886886746412
2023-09-28,103227.95042125412,5,5016.886886746412
2023-09-29,104822.89231965889,5,5016.886886746412
2023-10-03,101768.81926036617,5,5016.886886746412
2023-10-04,100748.0918579392,5,5016.886886746412
2023-10-05,100401.91302941283,5,5016.886886746412
2023-10-06,101099.46708035097,5,5016.886886746412
2023-10-09,102281.44625707783,5,5016.886886746412
2023-10-10,103205.44525145183,5,5016.886886746412
2023-10-11,103611.65444730653,5,5016.886886746412
2023-10-12,103976.9454298346,5,5016.886886746412
2023-10-13,103530.27418238242,5,5016.886886746412
2023-10-16,103354.42157164327,5,5016.886886746412
2023-10-17,104657.01517791513,5,5016.886886746412
2023-10-18,105410.92230082367,5,5016.886886746412
2023-10-19,104569.92846479069,5,5016.886886746412
2023-10-20,103908.42685229966,5,5016.886886746412
2023-10-24,103058.64033349976,5,5016.886886746412
2023-10-25,100914.44081372776,5,5016.886886746412
2023-10-26,101425.73837653873,5,5016.886886746412
2023-10-27,102191.87496944141,5,5016.886886746412
2023-10-30,101967.03222512707,5,5016.886886746412
2023-10-31,100497.36497786282,5,4934.083131138774
2023-11-01,101597.01819519425,5,4934.083131138774
2023-11-02,103257.40316579759,5,4934.083131138774
2023-11-03,104284.64460480308,5,4934.083131138774
2023-11-06,104248.72752163846,5,4934.083131138774
2023-11-07,104392.8035715487,5,4934.083131138774
2023-11-08,104165.8645805811,5,4934.083131138774
2023-11-09,104951.93678065053,5,4934.083131138774
2023-11-10,103903.25417510548,5,4934.083131138774
2023-11-13,105220.20743000027,5,4934.083131138774
2023-11-14,104785.00812924204,5,4934.083131138774
2023-11-15,108017.77391149334,5,4934.083131138774
2023-11-16,105904.02517876458,5,4934.083131138774
2023-11-17,105201.47807050608,5,4934.083131138774
2023-11-20,106859.2422067036,5,4934.083131138774
2023-11-21,105606.68263422746,5,4934.083131138774
2023-11-22,105168.51473339694,5,4934.083131138774
2023-11-23,106048.0838152287,5,4934.083131138774
2023-11-24,104841.16066969262,5,4934.083131138774
2023-11-27,105345.64106603328,5,4934.083131138774
2023-11-28,105256.90974125269,5,4934.083131138774
2023-11-29,105041.26518460839,5,4934.083131138774
2023-11-30,105684.71242442048,5,5188.764470664944
2023-12-01,103886.2882377182,5,5188.764470664944
2023-12-04,104228.28205294075,5,5188.764470664944
2023-12-05,102848.40254856825,5,5188.764470664944
2023-12-06,103312.21447184299,5,5188.764470664944
2023-12-07,102480.81370752082,5,5188.764470664944
2023-12-08,102349.13964883248,5,5188.764470664944
2023-12-11,101841.99214034046,5,5188.764470664944
2023-12-12,103185.96852228335,5,5188.764470664944
2023-12-13,103113.81359709283,5,5188.764470664944
2023-12-14,103642.26420372896,5,5188.764470664944
2023-12-15,104425.57379596865,5,5188.764470664944
2023-12-18,103976.72862688305,5,5188.764470664944
2023-12-19,104179.52552656141,5,5188.764470664944
2023-12-20,104156.71537595053,5,5188.764470664944
2023-12-21,104107.43458050802,5,5188.764470664944
2023-12-22,103917.89080702113,5,5188.764470664944
2023-12-27,106441.584104618,5,5188.764470664944
2023-12-28,107384.85538848401,5,5188.764470664944
2023-12-29,107050.92492721368,5,5188.764470664944
2024-01-02,106110.60523298752,5,5188.764470664944
2024-01-03,105213.4489249869,5,5188.764470664944
2024-01-04,106260.40299904862,5,5188.764470664944
2024-01-05,106679.87656482916,5,5188.764470664944
2024-01-08,105272.98518167778,5,5188.764470664944
2024-01-09,105122.66861106575,5,5188.764470664944
2024-01-10,104487.25599124939,5,5188.764470664944
2024-01-11,104786.1970208342,5,5188.764470664944
2024-01-12,105038.02065835884,5,5188.764470664944
2024-01-15,105094.4256238304,5,5188.764470664944
2024-01-16,104101.95637785818,5,5188.764470664944
2024-01-17,101364.77350609702,5,5188.764470664944
2024-01-18,102038.79828171525,5,5188.764470664944
2024-01-19,101900.19687342626,5,5188.764470664944
2024-01-22,100543.82224911902,5,5188.764470664944
2024-01-23,101891.14740104116,5,5188.764470664944
2024-01-24,105478.07116016753,5,5188.764470664944
2024-01-25,107876.84055957352,5,5188.764470664944
2024-01-26,107248.45057420073,5,5188.764470664944
2024-01-29,108021.30596253775,5,5188.764470664944
2024-01-30,106609.34287053254,5,5188.764470664944
2024-01-31,105356.16936861294,5,5172.634109934908
2024-02-01,104568.72865682242,5,5172.634109934908
2024-02-02,105210.09372994455,5,5172.634109934908
2024-02-05,105109.86561712413,5,5172.634109934908
2024-02-06,107090.8338378616,5,5172.634109934908
2024-02-07,106610.30496794457,5,5172.634109934908
2024-02-08,105783.73046132656,5,5172.634109934908
2024-02-09,105203.79565478305,5,5172.634109934908
2024-02-14,105489.9708873714,5,5172.634109934908
2024-02-15,105770.99344440651,5,5172.634109934908
2024-02-16,106501.4774305461,5,5172.634109934908
2024-02-19,108106.62081004056,5,5172.634109934908
2024-02-20,109748.50023739075,5,5172.634109934908
2024-02-21,110301.48674632357,5,5172.634109934908
2024-02-22,113694.19823844437,5,5172.634109934908
2024-02-23,113541.88375667302,5,5172.634109934908
2024-02-26,112857.31430329282,5,5172.634109934908
2024-02-27,113277.59218945548,5,5172.634109934908
2024-02-28,112014.34289346322,5,5172.634109934908
2024-02-29,111027.89714719114,5,5451.096897121992
2024-03-01,111088.94497002542,5,5451.096897121992
2024-03-04,111960.70370111032,5,5451.096897121992
2024-03-05,111313.321896245,5,5451.096897121992
2024-03-06,112528.3741151625,5,5451.096897121992
2024-03-07,112921.90126189691,5,5451.096897121992
2024-03-08,114689.06391999393,5,5451.096897121992
2024-03-11,114042.40401724895,5,5451.096897121992
2024-03-12,114891.07750907846,5,5451.096897121992
2024-03-13,114189.32691019413,5,5451.096897121992
2024-03-14,114211.7638720471,5,5451.096897121992
2024-03-15,113139.60986931561,5,5451.096897121992
2024-03-18,112892.12234763373,5,5451.096897121992
2024-03-19,112671.02386094863,5,5451.096897121992
2024-03-20,113253.88826746854,5,5451.096897121992
2024-03-21,115171.2573207017,5,5451.096897121992
2024-03-22,114116.50310274516,5,5451.096897121992
2024-03-25,114117.34145968844,5,5451.096897121992
2024-03-26,115023.82962516538,5,5451.096897121992
2024-03-27,113894.49890619412,5,5451.096897121992
2024-03-28,113873.08935697735,5,5451.096897121992
2024-04-02,116955.75432084675,5,5451.096897121992
2024-04-03,116356.74805678113,5,5451.096897121992
2024-04-05,116117.60096785857,5,5451.096897121992
2024-04-08,116761.98523709553,5,5451.096897121992
2024-04-09,116667.06763291935,5,5451.096897121992
2024-04-10,118179.27431786925,5,5451.096897121992
2024-04-11,118111.05093285462,5,5451.096897121992
2024-04-12,116362.5792134539,5,5451.096897121992
2024-04-15,117133.80441353016,5,5451.096897121992
2024-04-16,115888.74150174423,5,5451.096897121992
2024-04-17,116438.57257197198,5,5451.096897121992
2024-04-18,117151.40206875376,5,5451.096897121992
2024-04-19,117632.34618962213,5,5451.096897121992
2024-04-22,117620.74103400859,5,5451.096897121992
2024-04-23,118320.00736252312,5,5451.096897121992
2024-04-24,119330.93721938573,5,5451.096897121992
2024-04-25,120433.02341619963,5,5451.096897121992
2024-04-26,121009.44716564592,5,5451.096897121992
2024-04-29,122524.71578721196,5,5451.096897121992
2024-04-30,122680.95336356427,5,6023.2228241657795
2024-05-02,122564.92693455712,5,6023.2228241657795
2024-05-03,123539.8191156029,5,6023.2228241657795
2024-05-06,123267.84080997822,5,6023.2228241657795
2024-05-07,123726.46868000287,5,6023.2228241657795
2024-05-08,125707.99275313356,5,6023.2228241657795
2024-05-09,126274.91855163552,5,6023.2228241657795
2024-05-10,129241.06732424223,5,6023.2228241657795
2024-05-13,128392.79284555625,5,6023.2228241657795
2024-05-14,128488.53959759505,5,6023.2228241657795
2024-05-16,129403.2917366841,5,6023.2228241657795
2024-05-17,129301.97965114904,5,6023.2228241657795
2024-05-20,130544.93155671374,5,6023.2228241657795
2024-05-21,129432.13228325066,5,6023.2228241657795
2024-05-22,129548.73664988324,5,6023.2228241657795
2024-05-23,128556.91665317933,5,6023.2228241657795
2024-05-24,127887.98600089838,5,6023.2228241657795
2024-05-27,129896.18299486372,5,6023.2228241657795
2024-05-28,130135.80718661586,5,6023.2228241657795
2024-05-29,129380.11347460558,5,6023.2228241657795
2024-05-30,127634.57046203886,5,6023.2228241657795
2024-05-31,127757.78496113195,5,6272.478206639811
2024-06-03,129545.98132092695,5,6272.478206639811
2024-06-04,128520.51487298595,5,6272.478206639811
2024-06-05,127845.21964660441,5,6272.478206639811
2024-06-06,129315.58398563473,5,6272.478206639811
2024-06-07,129133.33156961395,5,6272.478206639811
2024-06-11,128331.88820784166,5,6272.478206639811
2024-06-12,128455.35895287557,5,6272.478206639811
2024-06-13,129544.31690760824,5,6272.478206639811
2024-06-14,128980.76540254251,5,6272.478206639811
2024-06-17,128861.17014449945,5,6272.478206639811
2024-06-18,129450.71482475751,5,6272.478206639811
2024-06-19,133801.2086832071,5,6272.478206639811
2024-06-20,135018.97297147277,5,6272.478206639811
2024-06-21,132607.6549675553,5,6272.478206639811
2024-06-24,132488.40165540867,5,6272.478206639811
2024-06-25,133160.25528839207,5,6272.478206639811
2024-06-26,132719.03999074388,5,6272.478206639811
2024-06-27,130642.13006015323,5,6272.478206639811
2024-06-28,132655.87792045253,5,6272.478206639811
2024-07-02,134727.81278715353,5,6272.478206639811
2024-07-03,135752.15950522528,5,6272.478206639811
2024-07-04,136941.01507337438,5,6272.478206639811
2024-07-05,135373.12425858888,5,6272.478206639811
2024-07-08,134541.35991036653,5,6272.478206639811
2024-07-09,133623.54006092952,5,6272.478206639811
2024-07-10,131589.13156113512,5,6272.478206639811
2024-07-11,133312.5454304011,5,6272.478206639811
2024-07-12,135111.10126470067,5,6272.478206639811
2024-07-15,133612.17028594922,5,6272.478206639811
2024-07-16,131794.82257921834,5,6272.478206639811
2024-07-17,128299.57563196513,5,6272.478206639811
2024-07-18,128886.36785480601,5,6272.478206639811
2024-07-19,125236.07834300623,5,6272.478206639811
2024-07-22,126148.05990614754,5,6272.478206639811
2024-07-23,125636.53109010577,5,6272.478206639811
2024-07-24,125736.29449931445,5,6272.478206639811
2024-07-25,122634.57450091027,5,6272.478206639811
2024-07-26,122816.0630616897,5,6272.478206639811
2024-07-29,125021.84146799921,5,6272.478206639811
2024-07-30,123042.57854461655,5,6272.478206639811
2024-07-31,125836.88475391845,5,6178.168457214058
2024-08-01,124790.5911765882,5,6178.168457214058
2024-08-02,122934.39653954832,5,6178.168457214058
2024-08-05,119986.2587917262,5,6178.168457214058
2024-08-06,119082.15917193599,5,6178.168457214058
2024-08-07,120561.79967475805,5,6178.168457214058
2024-08-08,120869.5690640751,5,6178.168457214058
2024-08-09,122044.62344130874,5,6178.168457214058
2024-08-12,123435.06835867386,5,6178.168457214058
2024-08-13,123549.75870749124,5,6178.168457214058
2024-08-14,123378.74406493705,5,6178.168457214058
2024-08-15,124835.23546681288,5,6178.168457214058
2024-08-16,126675.84222125646,5,6178.168457214058
2024-08-19,128055.60075969173,5,6178.168457214058
2024-08-20,128328.94910724534,5,6178.168457214058
2024-08-21,127287.0488339641,5,6178.168457214058
2024-08-22,128252.97529960581,5,6178.168457214058
2024-08-23,128994.39654222634,5,6178.168457214058
2024-08-26,129613.26646299209,5,6178.168457214058
2024-08-27,131327.84612346758,5,6178.168457214058
2024-08-28,130779.32005435097,5,6178.168457214058
2024-08-29,128945.05647440514,5,6178.168457214058
2024-08-30,129234.41225069325,5,6178.168457214058
2024-09-02,127729.15185661064,5,6178.168457214058
2024-09-03,126261.99987760573,5,6178.168457214058
2024-09-04,125166.91889630511,5,6178.168457214058
2024-09-05,124872.78965526674,5,6178.168457214058
2024-09-09,123392.87911778243,5,6178.168457214058
2024-09-10,124036.77631706555,5,6178.168457214058
2024-09-11,122247.91268916466,5,6178.168457214058
2024-09-12,123170.24454667675,5,6178.168457214058
2024-09-13,124806.37950243917,5,6178.168457214058
2024-09-16,125348.16345474523,5,6178.168457214058
2024-09-17,127435.24991728892,5,6178.168457214058
2024-09-19,128221.5503411259,5,6178.168457214058
2024-09-20,129188.27418341028,5,6178.168457214058
2024-09-23,130598.57690101111,5,6178.168457214058
2024-09-24,136356.84848627952,5,6178.168457214058
2024-09-25,138420.92812882175,5,6178.168457214058
2024-09-26,141323.32936208494,5,6178.168457214058
2024-09-27,140849.56543293394,5,6178.168457214058
2024-09-30,141275.412090232,5,6936.148303914608
2024-10-02,153757.4890214647,5,6936.148303914608
2024-10-03,151082.30963374232,5,6936.148303914608
2024-10-04,158242.82502199872,5,6936.148303914608
2024-10-07,164209.35210072986,5,6936.148303914608
2024-10-08,143087.5031721856,5,6936.148303914608
2024-10-09,141721.16801104313,5,6936.148303914608
2024-10-10,146576.80623747487,5,6936.148303914608
2024-10-14,144827.4867644089,5,6936.148303914608
2024-10-15,138094.1658526873,5,6936.148303914608
2024-10-16,137052.65224378416,5,6936.148303914608
2024-10-17,136942.41776971568,5,6936.148303914608
2024-10-18,143950.5056857303,5,6936.148303914608
2024-10-21,141340.01414131874,5,6936.148303914608
2024-10-22,141754.44694335884,5,6936.148303914608
2024-10-23,146429.59062267435,5,6936.148303914608
2024-10-24,143020.9051876371,5,6936.148303914608
2024-10-25,144143.43722354376,5,6936.148303914608
2024-10-28,143982.43594352368,5,6936.148303914608
2024-10-29,146261.67175975133,5,6936.148303914608
2024-10-30,143454.55223580674,5,6936.148303914608
2024-10-31,143532.39735284063,5,7046.958700922685
2024-11-01,144767.3664940239,5,7046.958700922685
2024-11-04,147078.06576804028,5,7046.958700922685
2024-11-05,151974.45822147964,5,7046.958700922685
2024-11-06,147582.17510098763,5,7046.958700922685
2024-11-07,151152.10909849693,5,7046.958700922685
2024-11-08,150340.58530780973,5,7046.958700922685
2024-11-11,148788.21505366598,5,7046.958700922685
2024-11-12,143857.21397361293,5,7046.958700922685
2024-11-13,144185.15774796752,5,7046.958700922685
2024-11-14,140825.8873024774,5,7046.958700922685
2024-11-15,138740.08151929665,5,7046.958700922685
2024-11-18,141272.9855144966,5,7046.958700922685
2024-11-19,141078.701527213,5,7046.958700922685
2024-11-20,140402.87534816883,5,7046.958700922685
2024-11-21,140289.59234018778,5,7046.958700922685
2024-11-22,136216.2716283489,5,7046.958700922685
2024-11-25,135448.57722860517,5,7046.958700922685
2024-11-26,134280.01746177187,5,7046.958700922685
2024-11-27,138530.1331724299,5,7046.958700922685
2024-11-28,137722.2222311437,5,7046.958700922685
2024-11-29,137626.87244490974,5,7046.958700922685
2024-12-02,140306.12423748337,5,7046.958700922685
2024-12-03,141452.88778046067,5,7046.958700922685
2024-12-04,141113.4125159352,5,7046.958700922685
2024-12-05,139912.1615855896,5,7046.958700922685
2024-12-06,142950.56551861865,5,7046.958700922685
2024-12-09,148938.89726530932,5,7046.958700922685
2024-12-10,148465.79612051698,5,7046.958700922685
2024-12-11,147150.42183561932,5,7046.958700922685
2024-12-12,150105.44215472962,5,7046.958700922685
2024-12-13,144955.9237806384,5,7046.958700922685
2024-12-16,142228.27159032732,5,7046.958700922685
2024-12-17,141756.18295280455,5,7046.958700922685
2024-12-18,144734.2382487878,5,7046.958700922685
2024-12-19,143595.04127238103,5,7046.958700922685
2024-12-20,143985.49709505506,5,7046.958700922685
2024-12-23,143686.31796755703,5,7046.958700922685
2024-12-24,146002.80852201354,5,7046.958700922685
2024-12-27,146180.68922601105,5,7046.958700922685
2024-12-30,145174.0477187414,5,7046.958700922685
2024-12-31,145201.00887004702,5,7128.881922902579
2025-01-02,139833.6163311853,5,7128.881922902579
2025-01-03,142628.20705324542,5,7128.881922902579
2025-01-06,142384.63913758722,5,7128.881922902579
2025-01-07,140567.33854886252,5,7128.881922902579
2025-01-08,137654.98824548078,5,7128.881922902579
2025-01-09,137535.46798981616,5,7128.881922902579
2025-01-10,137154.16514306635,5,7128.881922902579
2025-01-13,135259.0553377858,5,7128.881922902579
2025-01-14,138184.5622354923,5,7128.881922902579
2025-01-15,138011.8648006638,5,7128.881922902579
2025-01-16,140250.69719262086,5,7128.881922902579
2025-01-17,140054.19096867935,5,7128.881922902579
2025-01-20,141722.35755696692,5,7128.881922902579
2025-01-21,145872.74071364544,5,7128.881922902579
2025-01-22,143618.10586742175,5,7128.881922902579
2025-01-23,143379.82064506365,5,7128.881922902579
2025-01-24,149178.43381500477,5,7128.881922902579
2025-01-27,149078.086034973,5,7128.881922902579
2025-01-28,148709.17075027086,5,7128.881922902579
2025-02-03,149579.9627886974,5,7128.881922902579
2025-02-04,154854.89899817735,5,7128.881922902579
2025-02-05,153521.97152512538,5,7128.881922902579
2025-02-06,159105.5914890209,5,7128.881922902579
2025-02-07,163326.52327169187,5,7128.881922902579
2025-02-10,165708.54949500828,5,7128.881922902579
2025-02-11,162619.0680183445,5,7128.881922902579
2025-02-12,168862.07374013288,5,7128.881922902579
2025-02-13,165384.53575506332,5,7128.881922902579
2025-02-14,169938.3560178715,5,7128.881922902579
2025-02-17,169052.7769473048,5,7128.881922902579
2025-02-18,173933.04929525804,5,7128.881922902579
2025-02-19,176359.3272710736,5,7128.881922902579
2025-02-20,174891.05765906515,5,7128.881922902579
2025-02-21,177599.82943869111,5,7128.881922902579
2025-02-24,176345.07472425926,5,7128.881922902579
2025-02-25,178533.7111429584,5,7128.881922902579
2025-02-26,181900.29294100805,5,7128.881922902579
2025-02-27,182353.86616623212,5,7128.881922902579
2025-02-28,174464.18000172434,5,8565.605354171028
2025-03-03,173843.77591021615,5,8565.605354171028
2025-03-04,169436.16672304797,5,8565.605354171028
2025-03-05,175247.0971988403,5,8565.605354171028
2025-03-06,182191.46801540407,5,8565.605354171028
2025-03-07,179740.6479378679,5,8565.605354171028
2025-03-10,174325.73799388984,5,8565.605354171028
2025-03-11,175478.67037502298,5,8565.605354171028
2025-03-12,175144.14531466697,5,8565.605354171028
2025-03-13,174251.7248118951,5,8565.605354171028
2025-03-14,179340.95011493133,5,8565.605354171028
2025-03-17,179505.53116072615,5,8565.605354171028
2025-03-18,186495.7820971915,5,8565.605354171028
2025-03-19,187661.25880481343,5,8565.605354171028
2025-03-20,185427.53364505537,5,8565.605354171028
2025-03-21,177478.32382727228,5,8565.605354171028
2025-03-24,181784.1637855083,5,8565.605354171028
2025-03-25,171738.46018870763,5,8565.605354171028
2025-03-26,173675.16541576624,5,8565.605354171028
2025-03-27,172931.17096382857,5,8565.605354171028
2025-03-28,171132.78358246613,5,8565.605354171028
2025-03-31,166912.93101409712,5,8194.864387409503
2025-04-01,164707.3615031783,5,8194.864387409503
2025-04-02,164869.63578913943,5,8194.864387409503
2025-04-03,162387.9768449793,5,8194.864387409503
2025-04-07,135861.05685710578,5,8194.864387409503
2025-04-08,140133.25880770283,5,8194.864387409503
2025-04-09,143483.9890090092,5,8194.864387409503
2025-04-10,146733.9059307352,5,8194.864387409503
2025-04-11,151693.32363319583,5,8194.864387409503
2025-04-14,154890.89479027584,5,8194.864387409503
2025-04-15,154991.4646724443,5,8194.864387409503
2025-04-16,149553.7442102744,5,8194.864387409503
2025-04-17,151416.2833231852,5,8194.864387409503
2025-04-22,154428.97861125952,5,8194.864387409503
2025-04-23,160113.26958583473,5,8194.864387409503
2025-04-24,159288.5065044759,5,8194.864387409503
2025-04-25,160473.254022915,5,8194.864387409503
2025-04-28,159112.95008354794,5,8194.864387409503
2025-04-29,159149.48914502191,5,8194.864387409503
2025-04-30,160649.7267932539,5,7887.362093197633
2025-05-02,165017.28352193692,5,7887.362093197633
2025-05-06,165445.4131018232,5,7887.362093197633
2025-05-07,164410.9087018689,5,7887.362093197633
2025-05-08,165476.6894522854,5,7887.362093197633
2025-05-09,166688.22470016428,5,7887.362093197633
2025-05-12,171252.24172147905,5,7887.362093197633
2025-05-13,166919.68989318423,5,7887.362093197633
2025-05-14,172037.245918944,5,7887.362093197633
2025-05-15,171837.1721539122,5,7887.362093197633
2025-05-16,172221.65828577708,5,7887.362093197633
2025-05-19,172012.66515669925,5,7887.362093197633
2025-05-20,175899.63768410683,5,7887.362093197633
2025-05-21,177605.51786906604,5,7887.362093197633
2025-05-22,174749.92217101774,5,7887.362093197633
2025-05-23,175216.95933927567,5,7887.362093197633
2025-05-26,170524.95724651508,5,7887.362093197633
2025-05-27,170663.91607777844,5,7887.362093197633
2025-05-28,169160.77165257116,5,7887.362093197633
2025-05-29,169850.1997577817,5,7887.362093197633
2025-05-30,166359.08032425208,5,7887.362093197633
2025-06-02,165560.38741073845,5,7887.362093197633
2025-06-03,169216.08516595466,5,7887.362093197633
2025-06-04,169707.75137698068,5,7887.362093197633
2025-06-05,171910.56082705676,5,7887.362093197633
2025-06-06,170202.2169697355,5,7887.362093197633
2025-06-09,171253.98508912814,5,7887.362093197633
2025-06-10,172081.13721246988,5,7887.362093197633
2025-06-11,174403.53504032933,5,7887.362093197633
2025-06-12,169928.74722945894,5,7887.362093197633
2025-06-13,167922.3824620284,5,7887.362093197633
2025-06-16,169264.82712430204,5,7887.362093197633
2025-06-17,169050.58130674058,5,7887.362093197633
2025-06-18,167899.74001833407,5,7887.362093197633
2025-06-19,164903.5994096829,5,7887.362093197633
2025-06-20,167009.1039100063,5,7887.362093197633
2025-06-23,167715.46569533437,5,7887.362093197633
2025-06-24,171402.9726330976,5,7887.362093197633
2025-06-25,172552.4508798555,5,7887.362093197633
2025-06-26,170459.4305521298,5,7887.362093197633
2025-06-27,170605.72741910012,5,7887.362093197633
2025-06-30,169386.10172918683,5,8316.288764142544
2025-07-02,171263.1082881612,5,8316.288764142544
2025-07-03,170365.1243226443,5,8316.288764142544
2025-07-04,168490.72878492222,5,8316.288764142544
2025-07-07,167217.48847998626,5,8316.288764142544
2025-07-08,169126.1226445194,5,8316.288764142544
2025-07-09,167308.69887916284,5,8316.288764142544
2025-07-10,168965.9895121107,5,8316.288764142544
2025-07-11,170818.33811531184,5,8316.288764142544
2025-07-14,170557.0992529871,5,8316.288764142544
2025-07-15,170941.94333564062,5,8316.288764142544
2025-07-16,169767.92259635666,5,8316.288764142544
2025-07-17,168922.41573207546,5,8316.288764142544
2025-07-18,172472.4964242037,5,8316.288764142544
2025-07-21,173585.2946832788,5,8316.288764142544
2025-07-22,174886.1457810587,5,8316.288764142544
2025-07-23,178227.65836922268,5,8316.288764142544
2025-07-24,180315.28793311422,5,8316.288764142544
2025-07-25,178668.313490315,5,8316.288764142544
2025-07-28,181858.57392911005,5,8316.288764142544
2025-07-29,179685.16803095242,5,8316.288764142544
2025-07-30,179167.89790710164,5,8316.288764142544
2025-07-31,175660.24244941177,5,8624.328003747258
2025-08-01,172369.91590170807,5,8624.328003747258
2025-08-04,173832.8751384301,5,8624.328003747258
2025-08-05,175476.02146458282,5,8624.328003747258
2025-08-06,175402.39116497862,5,8624.328003747258
2025-08-07,177409.8949048168,5,8624.328003747258
2025-08-08,175769.14397161297,5,8624.328003747258
2025-08-11,176099.50638992077,5,8624.328003747258
2025-08-12,177933.07803231623,5,8624.328003747258
2025-08-13,180234.23465913732,5,8624.328003747258
2025-08-14,181793.7231114193,5,8624.328003747258
2025-08-15,181928.24112207483,5,8624.328003747258
2025-08-18,182043.44451339386,5,8624.328003747258
2025-08-19,180346.34116472,5,8624.328003747258
2025-08-20,182087.1048307987,5,8624.328003747258
2025-08-21,182675.95157390722,5,8624.328003747258
2025-08-22,183670.0744962896,5,8624.328003747258
2025-08-25,185096.8371710016,5,8624.328003747258
2025-08-26,182484.5464333003,5,8624.328003747258
2025-08-27,179703.41971700208,5,8624.328003747258
2025-08-28,180213.42169595533,5,8624.328003747258
2025-08-29,180135.46444820083,5,8624.328003747258
2025-09-01,180311.79543061444,5,8624.328003747258
2025-09-02,179904.15386249678,5,8624.328003747258
2025-09-03,178694.50732618035,5,8624.328003747258
2025-09-04,176615.57107417908,5,8624.328003747258
2025-09-05,178232.93948372407,5,8624.328003747258
2025-09-08,178197.55877758912,5,8624.328003747258
2025-09-09,180167.6866361064,5,8624.328003747258
2025-09-10,183119.67281312315,5,8624.328003747258
2025-09-11,182876.29425491614,5,8624.328003747258
2025-09-12,184235.8038676266,5,8624.328003747258
2025-09-15,182871.15908652992,5,8624.328003747258
2025-09-16,181778.82858044887,5,8624.328003747258
2025-09-17,183320.9443131162,5,8624.328003747258
2025-09-18,180069.7481955323,5,8624.328003747258
2025-09-19,179624.4086297832,5,8624.328003747258
2025-09-22,177280.93958859838,5,8624.328003747258
2025-09-23,176980.1720773647,5,8624.328003747258
2025-09-24,176714.50425075914,5,8624.328003747258
2025-09-25,175127.67845626397,5,8624.328003747258
2025-09-26,174956.71972923208,5,8624.328003747258
2025-09-29,179191.25787637685,5,8624.328003747258
2025-09-30,178585.33468805347,5,8767.940209648164
2025-10-02,181108.82950003273,5,8767.940209648164
2025-10-03,181033.3737294271,5,8767.940209648164
2025-10-06,180372.89430334972,5,8767.940209648164
2025-10-08,179053.93097002665,5,8767.940209648164
2025-10-09,179440.13200994127,5,8767.940209648164
2025-10-10,175977.43131249124,5,8767.940209648164
2025-10-13,172168.32897029078,5,8767.940209648164
2025-10-14,168697.63192133442,5,8767.940209648164
2025-10-15,173218.2451328789,5,8767.940209648164
2025-10-16,174081.69761488272,5,8767.940209648164
2025-10-17,168480.26734637,5,8767.940209648164
2025-10-20,174022.2462949033,5,8767.940209648164
2025-10-21,177685.32552997232,5,8767.940209648164
2025-10-22,174218.88296003809,5,8767.940209648164
2025-10-23,175678.94790588415,5,8767.940209648164
2025-10-24,177400.1931186875,5,8767.940209648164
2025-10-27,181101.11110552028,5,8767.940209648164
2025-10-28,180735.10620756826,5,8767.940209648164
2025-10-30,180118.85509253558,5,8767.940209648164
2025-10-31,177347.52544609073,5,8707.167932666765
2025-11-03,179062.30324839836,5,8707.167932666765
2025-11-04,178195.2675314853,5,8707.167932666765
2025-11-05,178133.17219968623,5,8707.167932666765
2025-11-06,183661.33400329098,5,8707.167932666765
2025-11-07,181735.60984829557,5,8707.167932666765
2025-11-10,184629.13732148265,5,8707.167932666765
2025-11-11,184916.99063647742,5,8707.167932666765
2025-11-12,187252.99985744595,5,8707.167932666765
2025-11-13,189443.29771752638,5,8707.167932666765
2025-11-14,184678.40840709856,5,8707.167932666765
2025-11-17,183166.10864303604,5,8707.167932666765
2025-11-18,179237.3064475549,5,8707.167932666765
2025-11-19,179460.29392445012,5,8707.167932666765
2025-11-20,179739.78819744283,5,8707.167932666765
2025-11-21,174529.25697351526,5,8707.167932666765
2025-11-24,178721.33689617924,5,8707.167932666765
2025-11-25,180174.73317452037,5,8707.167932666765
2025-11-26,180221.56511250552,5,8707.167932666765
2025-11-27,180775.8496169661,5,8707.167932666765
2025-11-28,179773.05633079278,5,8707.167932666765
2025-12-01,181586.66712452815,5,8707.167932666765
2025-12-02,182420.45662386355,5,8707.167932666765
2025-12-03,179560.19455815724,5,8707.167932666765
2025-12-04,180230.8957438782,5,8707.167932666765
2025-12-05,181784.45382140926,5,8707.167932666765
2025-12-08,180193.47823221917,5,8707.167932666765
2025-12-09,177788.22392550786,5,8707.167932666765
2025-12-10,179418.1698868884,5,8707.167932666765
2025-12-11,178999.82954677322,5,8707.167932666765
2025-12-12,184325.16753314144,5,8707.167932666765
2025-12-15,183254.03298387554,5,8707.167932666765
2025-12-16,180003.51897463086,5,8707.167932666765
2025-12-17,183372.77812021325,5,8707.167932666765
2025-12-18,183403.00722432346,5,8707.167932666765
2025-12-19,185301.07224809774,5,8707.167932666765
2025-12-22,185808.01714615425,5,8707.167932666765
2025-12-23,185505.40150083217,5,8707.167932666765
2025-12-24,186178.2623670383,5,8707.167932666765
2025-12-29,183701.73877001042,5,8707.167932666765
2025-12-30,183986.79555245634,5,8707.167932666765
2025-12-31,181567.0959782857,5,8914.334675676844
2026-01-02,186193.4689056289,5,8914.334675676844
2026-01-05,185254.64330918982,5,8914.334675676844
2026-01-06,189087.76635634998,5,8914.334675676844
2026-01-07,187103.07974665216,5,8914.334675676844
2026-01-08,185376.51889093692,5,8914.334675676844
2026-01-09,186822.20655398507,5,8914.334675676844
2026-01-12,187182.28164018405,5,8914.334675676844
2026-01-13,191046.42888194905,5,8914.334675676844
2026-01-14,190106.34822804015,5,8914.334675676844
2026-01-15,190967.37823584594,5,8914.334675676844
2026-01-16,189835.79044069647,5,8914.334675676844
2026-01-19,189869.9921195241,5,8914.334675676844
2026-01-20,191100.03071864566,5,8914.334675676844
2026-01-21,191607.60296559305,5,8914.334675676844
2026-01-22,190687.40880293364,5,8914.334675676844
2026-01-23,189174.5935000343,5,8914.334675676844
2026-01-26,193797.47176103666,5,8914.334675676844
2026-01-27,198345.46257445734,5,8914.334675676844
2026-01-28,205301.20648197207,5,8914.334675676844
2026-01-29,208344.56897357135,5,8914.334675676844
2026-01-30,204964.97422896157,5,8914.334675676844
