date,symbol,action,price,quantity,cost
2021-03-31,1398.HK,buy,3.80080246925354,4998.944342332927,19.0
2021-03-31,0939.HK,buy,4.373623371124268,4344.224087845024,19.0
2021-03-31,0005.HK,buy,34.44133758544922,551.6626627192064,19.0
2021-03-31,0388.HK,buy,405.3525390625,46.87277904794486,19.0
2021-03-31,2382.HK,buy,170.89962768554688,111.1763685931473,19.0
2021-04-30,1398.HK,sell,3.446605920791626,4998.944342332927,17.229391167992468
2021-04-30,0939.HK,sell,4.112811088562012,4344.224087845024,17.866972999687206
2021-04-30,0005.HK,sell,36.97711944580078,551.6626627192064,20.398896173156604
2021-04-30,0388.HK,sell,416.518798828125,46.87277904794486,19.5233936267861
2021-04-30,2382.HK,sell,182.66587829589844,111.1763685931473,20.30812901481579
2021-04-30,0005.HK,buy,36.97711944580078,514.5324179668415,19.025926677896592
2021-04-30,1299.HK,buy,88.71593475341797,214.4589552122549,19.025926677896592
2021-04-30,3988.HK,buy,2.049102544784546,9285.004660368075,19.025926677896592
2021-04-30,0857.HK,buy,1.9021427631378174,10002.36525176007,19.025926677896592
2021-04-30,0388.HK,buy,416.518798828125,45.678434518264254,19.025926677896592
2021-05-31,0005.HK,sell,37.3177490234375,514.5324179668415,19.201191638109037
2021-05-31,1299.HK,sell,89.87313842773438,214.4589552122549,19.274099368858273
2021-05-31,3988.HK,sell,2.0866613388061523,9285.004660368075,19.37466025542501
2021-05-31,0857.HK,sell,2.1306686401367188,10002.36525176007,21.3117259691184
2021-05-31,0388.HK,sell,430.5208740234375,45.678434518264254,19.665519552825486
2021-05-31,3988.HK,buy,2.0866613388061523,9436.898819648377,19.69161192518568
2021-05-31,0005.HK,buy,37.3177490234375,527.6741615047123,19.69161192518568
2021-05-31,0388.HK,buy,430.5208740234375,45.73904103918936,19.69161192518568
2021-05-31,1299.HK,buy,89.87313842773438,219.1045318954718,19.69161192518568
2021-05-31,0857.HK,buy,2.1306686401367188,9241.98702428085,19.69161192518568
2021-06-30,3988.HK,sell,2.0006134510040283,9436.898819648377,18.87958671435258
2021-06-30,0005.HK,sell,33.94931411743164,527.6741615047123,17.914175860575835
2021-06-30,0388.HK,sell,410.1380920410156,45.73904103918936,18.75932302359884
2021-06-30,1299.HK,sell,87.42698669433594,219.1045318954718,19.15564899469412
2021-06-30,0857.HK,sell,2.618245840072632,9241.98702428085,24.197794080328578
2021-06-30,0857.HK,buy,2.618245840072632,7539.1399349685535,19.73932177245687
2021-06-30,0883.HK,buy,5.595126628875732,3527.9490674232025,19.73932177245687
2021-06-30,3988.HK,buy,2.0006134510040283,9866.634537796637,19.73932177245687
2021-06-30,1211.HK,buy,75.009033203125,263.1592613519313,19.73932177245687
2021-06-30,3690.HK,buy,320.3999938964844,61.608371249951695,19.73932177245687
2021-08-31,0857.HK,sell,2.3619627952575684,7539.1399349685535,17.807168034636288
2021-08-31,0883.HK,sell,4.923457145690918,3527.9490674232025,17.369706045638377
2021-08-31,3988.HK,sell,1.9575895071029663,9866.634537796637,19.314820241610423
2021-08-31,1211.HK,sell,85.0877685546875,263.1592613519313,22.39163432293565
2021-08-31,3690.HK,sell,249.0,61.608371249951695,15.340484441237972
2021-08-31,0857.HK,buy,2.3619627952575684,7821.128991487493,18.473215694803805
2021-08-31,3988.HK,buy,1.9575895071029663,9436.715730123773,18.473215694803805
2021-08-31,1211.HK,buy,85.0877685546875,217.10777011305362,18.473215694803805
2021-08-31,0175.HK,buy,25.989774703979492,710.7878350317224,18.473215694803805
2021-08-31,0939.HK,buy,4.013871669769287,4602.343376828892,18.473215694803805
2021-09-30,0857.HK,sell,2.675208568572998,7821.128991487493,20.92315129394203
2021-09-30,3988.HK,sell,1.979101538658142,9436.715730123773,18.67621862136745
2021-09-30,1211.HK,sell,78.4978256225586,217.10777011305362,17.042487879637022
2021-09-30,0175.HK,sell,20.671581268310547,710.7878350317224,14.69310849638476
2021-09-30,0939.HK,sell,3.9853029251098633,4602.343376828892,18.34173252203619
2021-09-30,3988.HK,buy,1.979101538658142,9058.476829718697,17.9276454315954
2021-09-30,0388.HK,buy,429.31787109375,41.758442027866444,17.9276454315954
2021-09-30,0857.HK,buy,2.675208568572998,6701.401020541106,17.9276454315954
2021-09-30,0883.HK,buy,5.729220390319824,3129.159677970534,17.9276454315954
2021-09-30,0005.HK,buy,31.391450881958008,571.0996124075034,17.9276454315954
2021-11-30,3988.HK,sell,1.9432482719421387,9058.476829718697,17.60286944577876
2021-11-30,0388.HK,sell,384.7575988769531,41.758442027866444,16.06687788748434
2021-11-30,0857.HK,sell,2.457712411880493,6701.401020541106,16.47011646517248
2021-11-30,0883.HK,sell,5.04434871673584,3129.159677970534,15.784572606032198
2021-11-30,0005.HK,sell,32.92461395263672,571.0996124075034,18.80323426701751
2021-11-30,1211.HK,buy,98.97833251953125,171.3658913704915,16.96151017857438
2021-11-30,0857.HK,buy,2.457712411880493,6901.340489059277,16.96151017857438
2021-11-30,3988.HK,buy,1.9432482719421387,8728.431885660473,16.96151017857438
2021-11-30,2382.HK,buy,228.65110778808594,74.18074787677969,16.96151017857438
2021-11-30,0005.HK,buy,32.92461395263672,515.1620062417176,16.96151017857438
2021-12-31,1211.HK,sell,86.1214828491211,171.3658913704915,14.758284674588133
2021-12-31,0857.HK,sell,2.5157113075256348,6901.340489059277,17.361780305410917
2021-12-31,3988.HK,sell,2.0149548053741455,8728.431885660473,17.587395771392483
2021-12-31,2382.HK,sell,239.12367248535156,74.18074787677969,17.738372860005505
2021-12-31,0005.HK,sell,35.95260238647461,515.1620062417176,18.521414775027026
2021-12-31,2382.HK,buy,239.12367248535156,71.71772377131244,17.149405490486227
2021-12-31,3988.HK,buy,2.0149548053741455,8511.062106577549,17.149405490486227
2021-12-31,0941.HK,buy,35.09431838989258,488.6661510264688,17.149405490486227
2021-12-31,0005.HK,buy,35.95260238647461,477.0003936331976,17.149405490486227
2021-12-31,0066.HK,buy,35.470035552978516,483.4899436419129,17.149405490486227
2022-01-31,2382.HK,sell,193.93646240234375,71.71772377131244,13.908681639756809
2022-01-31,3988.HK,sell,2.1727092266082764,8511.062106577549,18.492063167197113
2022-01-31,0941.HK,sell,39.556095123291016,488.6661510264688,19.329724753535494
2022-01-31,0005.HK,sell,42.23855972290039,477.0003936331976,20.14780961432281
2022-01-31,0066.HK,sell,35.76668167114258,483.4899436419129,17.292830905438965
2022-01-31,0005.HK,buy,42.23855972290039,420.62861187021656,17.76674674364083
2022-01-31,0939.HK,buy,4.270988464355469,4159.867649355029,17.76674674364083
2022-01-31,3988.HK,buy,2.1727092266082764,8177.2316912262295,17.76674674364083
2022-01-31,0883.HK,buy,6.170436382293701,2879.3339146357907,17.76674674364083
2022-01-31,0066.HK,buy,35.76668167114258,496.74014791188944,17.76674674364083
2022-02-28,0005.HK,sell,41.47197723388672,420.62861187021656,17.444300215402993
2022-02-28,0939.HK,sell,4.1852827072143555,4159.867649355029,17.410222137146032
2022-02-28,3988.HK,sell,2.179879903793335,8177.2316912262295,17.825383032366044
2022-02-28,0883.HK,sell,6.565556049346924,2879.3339146357907,18.904428201326777
2022-02-28,0066.HK,sell,34.28346633911133,496.74014791188944,17.029974140222443
2022-02-28,0857.HK,buy,3.0232033729553223,5851.852652586073,17.691340677335766
2022-02-28,0883.HK,buy,6.565556049346924,2694.5685246408834,17.691340677335766
2022-02-28,0005.HK,buy,41.47197723388672,426.58541640209495,17.691340677335766
2022-02-28,3988.HK,buy,2.179879903793335,8115.7409848818015,17.691340677335766
2022-02-28,1398.HK,buy,3.3974697589874268,5207.210639781662,17.691340677335766
2022-03-31,0857.HK,sell,2.9434545040130615,5851.852652586073,17.22466204707526
2022-03-31,0883.HK,sell,7.072625160217285,2694.5685246408834,19.05767314330468
2022-03-31,0005.HK,sell,42.77476501464844,426.58541640209495,18.247090945275566
2022-03-31,3988.HK,sell,2.2587571144104004,8115.7409848818015,18.33148768831384
2022-03-31,1398.HK,sell,3.499321460723877,5207.210639781662,18.221703942297683
2022-03-31,0883.HK,buy,7.072625160217285,2567.102246640294,18.156151938438462
2022-03-31,0941.HK,buy,40.605934143066406,447.13050743935867,18.156151938438462
2022-03-31,0857.HK,buy,2.9434545040130615,6168.314106328003,18.156151938438462
2022-03-31,3988.HK,buy,2.2587571144104004,8038.116104917165,18.156151938438462
2022-03-31,0005.HK,buy,42.77476501464844,424.45941975884136,18.156151938438462
2022-05-31,0883.HK,sell,8.178956985473633,2567.102246640294,20.99621885258369
2022-05-31,0941.HK,sell,39.810054779052734,447.13050743935867,17.800289994546514
2022-05-31,0857.HK,sell,3.0522027015686035,6168.314106328003,18.82694497945806
2022-05-31,3988.HK,sell,2.2587571144104004,8038.116104917165,18.156151938438462
2022-05-31,0005.HK,sell,41.1174430847168,424.45941975884136,17.452686033706076
2022-05-31,0066.HK,buy,36.75364685058594,505.71799403904754,18.586980558897878
2022-05-31,0883.HK,buy,8.178956985473633,2272.5367784559303,18.586980558897878
2022-05-31,3988.HK,buy,2.2587571144104004,8228.853133573684,18.586980558897878
2022-05-31,0005.HK,buy,41.1174430847168,452.0461187385115,18.586980558897878
2022-05-31,1398.HK,buy,3.426570415496826,5424.368480751886,18.586980558897878
2022-06-30,0066.HK,sell,35.5820426940918,505.71799403904754,17.99447925506785
2022-06-30,0883.HK,sell,7.542454719543457,2272.5367784559303,17.140505750001015
2022-06-30,3988.HK,sell,2.244415760040283,8228.853133573684,18.468967660049646
2022-06-30,0005.HK,sell,40.762306213378906,452.0461187385115,18.42644231458865
2022-06-30,1398.HK,sell,3.39019513130188,5424.368480751886,18.38966761383242
2022-06-30,1211.HK,buy,101.47307586669922,178.11940086488696,18.074323477293685
2022-06-30,3988.HK,buy,2.244415760040283,8053.019319811443,18.074323477293685
2022-06-30,0883.HK,buy,7.542454719543457,2396.344976451873,18.074323477293685
2022-06-30,1299.HK,buy,78.44206237792969,230.4162196834213,18.074323477293685
2022-06-30,0939.HK,buy,4.068459510803223,4442.547217024001,18.074323477293685
2022-08-31,1211.HK,sell,78.26998901367188,178.11940086488696,13.941403548816519
2022-08-31,3988.HK,sell,2.1588261127471924,8053.019319811443,17.385068394066575
2022-08-31,0883.HK,sell,7.746305465698242,2396.344976451873,18.562820188787672
2022-08-31,1299.HK,sell,70.049072265625,230.4162196834213,16.140442423776104
2022-08-31,0939.HK,sell,3.759658098220825,4442.547217024001,16.702458621212674
2022-08-31,0941.HK,buy,41.34272384643555,401.2784260428777,16.589943153423004
2022-08-31,0883.HK,buy,7.746305465698242,2141.658785195815,16.589943153423004
2022-08-31,3988.HK,buy,2.1588261127471924,7684.705616383173,16.589943153423004
2022-08-31,3690.HK,buy,189.8000030517578,87.40749676858005,16.589943153423004
2022-08-31,0066.HK,buy,35.29268264770508,470.067501499543,16.589943153423004
2022-09-30,0941.HK,sell,40.95494842529297,401.2784260428777,16.434337242768795
2022-09-30,0883.HK,sell,7.32846736907959,2141.658785195815,15.695076523010167
2022-09-30,3988.HK,sell,2.01021146774292,7684.705616383173,15.447883356281878
2022-09-30,3690.HK,sell,165.60000610351562,87.40749676858005,14.474681998369878
2022-09-30,0066.HK,sell,31.60997200012207,470.067501499543,14.858820560567894
2022-09-30,0941.HK,buy,40.95494842529297,376.32022970898146,15.412175599125739
2022-09-30,0883.HK,buy,7.32846736907959,2103.055771818414,15.412175599125739
2022-09-30,3988.HK,buy,2.01021146774292,7666.942431897794,15.412175599125739
2022-09-30,0066.HK,buy,31.60997200012207,487.573212626263,15.412175599125739
2022-09-30,1398.HK,buy,2.890096664428711,5332.754363831039,15.412175599125739
2022-10-31,0941.HK,sell,38.77998733520508,376.32022970898146,14.593693742095768
2022-10-31,0883.HK,sell,7.289527416229248,2103.055771818414,15.330282706529491
2022-10-31,3988.HK,sell,1.978924036026001,7666.942431897794,15.172296661310188
2022-10-31,0066.HK,sell,30.294713973999023,487.573212626263,14.770891017896448
2022-10-31,1398.HK,sell,2.678051471710205,5332.754363831039,14.281390672326733
2022-10-31,0883.HK,buy,7.289527416229248,2034.4397589805073,14.830104399755232
2022-10-31,3988.HK,buy,1.978924036026001,7494.024090756145,14.830104399755232
2022-10-31,0941.HK,buy,38.77998733520508,382.41643225840437,14.830104399755232
2022-10-31,0066.HK,buy,30.294713973999023,489.52779063976084,14.830104399755232
2022-10-31,0857.HK,buy,2.390608072280884,6203.486289413304,14.830104399755232
2022-11-30,0883.HK,sell,7.943716049194336,2034.4397589805073,16.161011764532514
2022-11-30,3988.HK,sell,2.1666479110717773,7494.024090756145,16.23691164175838
2022-11-30,0941.HK,sell,42.47331619262695,382.41643225840437,16.242494044567515
2022-11-30,0066.HK,sell,32.92522048950195,489.52779063976084,16.117810442552877
2022-11-30,0857.HK,sell,2.8209176063537598,6203.486289413304,17.499523694580144
2022-11-30,0883.HK,buy,7.943716049194336,2057.0675422596396,16.340760449724648
2022-11-30,0941.HK,buy,42.47331619262695,384.7300355737535,16.340760449724648
2022-11-30,3988.HK,buy,2.1666479110717773,7541.954724725602,16.340760449724648
2022-11-30,2628.HK,buy,10.357682228088379,1577.646435745163,16.340760449724648
2022-11-30,0857.HK,buy,2.8209176063537598,5792.711000462812,16.340760449724648
2023-01-31,0883.HK,sell,8.847118377685547,2057.0675422596396,18.199120057265695
2023-01-31,0941.HK,sell,46.1256103515625,384.7300355737535,17.745907711417736
2023-01-31,3988.HK,sell,2.338728427886963,7541.954724725602,17.63858391655216
2023-01-31,2628.HK,sell,12.57593822479248,1577.646435745163,19.840384116495212
2023-01-31,0857.HK,sell,3.3229453563690186,5792.711000462812,19.248862119775634
2023-01-31,2628.HK,buy,12.57593822479248,1462.4554552822337,18.391749462140137
2023-01-31,0700.HK,buy,372.994384765625,49.30838160927486,18.391749462140137
2023-01-31,2318.HK,buy,50.81230163574219,361.9546619632574,18.391749462140137
2023-01-31,1299.HK,buy,82.12928009033203,223.9365722177461,18.391749462140137
2023-01-31,0005.HK,buy,46.36464309692383,396.67617895155064,18.391749462140137
2023-02-28,2628.HK,sell,11.615277290344238,1462.4554552822337,16.986825637879775
2023-02-28,0700.HK,sell,335.3241271972656,49.30838160927486,16.534290026639795
2023-02-28,2318.HK,sell,44.61772537231445,361.9546619632574,16.149593704705534
2023-02-28,1299.HK,sell,77.21357727050781,223.9365722177461,17.290943822627593
2023-02-28,0005.HK,sell,47.44475555419922,396.67617895155064,18.820204344530108
2023-02-28,0005.HK,buy,47.44475555419922,362.19745447877733,17.18436969009879
2023-02-28,0941.HK,buy,48.2595329284668,356.082387195303,17.18436969009879
2023-02-28,0857.HK,buy,3.2034149169921875,5364.390856440748,17.18436969009879
2023-02-28,2628.HK,buy,11.615277290344238,1479.46271626112,17.18436969009879
2023-02-28,0700.HK,buy,335.3241271972656,51.24704217895275,17.18436969009879
2023-03-31,0005.HK,sell,43.87835693359375,362.19745447877733,15.892629188058866
2023-03-31,0941.HK,sell,52.1990852355957,356.082387195303,18.587174880102015
2023-03-31,0857.HK,sell,3.7054426670074463,5364.390856440748,19.877442761960168
2023-03-31,2628.HK,sell,11.265944480895996,1479.46271626112,16.667544822953364
2023-03-31,0700.HK,sell,376.5076599121094,51.24704217895275,19.29490392821467
2023-03-31,0857.HK,buy,3.7054426670074463,4854.069099957195,17.986474751583824
2023-03-31,0941.HK,buy,52.1990852355957,344.5745202316008,17.986474751583824
2023-03-31,0700.HK,buy,376.5076599121094,47.77186938449678,17.986474751583824
2023-03-31,0005.HK,buy,43.87835693359375,409.91677921771003,17.986474751583824
2023-03-31,2628.HK,buy,11.265944480895996,1596.5350070812115,17.986474751583824
2023-05-31,0857.HK,sell,4.032158851623535,4854.069099957195,19.57237768778469
2023-05-31,0941.HK,sell,52.24013137817383,344.5745202316008,18.00061820647004
2023-05-31,0700.HK,sell,305.27508544921875,47.77186938449678,14.583561508421171
2023-05-31,0005.HK,sell,48.226287841796875,409.91677921771003,19.768764585735582
2023-05-31,2628.HK,sell,11.545411109924316,1596.5350070812115,18.432653008138516
2023-05-31,0941.HK,buy,52.24013137817383,345.1959890781333,18.033083820660345
2023-05-31,0857.HK,buy,4.032158851623535,4472.314827923851,18.033083820660345
2023-05-31,1211.HK,buy,76.3956527709961,236.04855991893135,18.033083820660345
2023-05-31,0005.HK,buy,48.226287841796875,373.9264336458297,18.033083820660345
2023-05-31,3988.HK,buy,2.4013030529022217,7509.707614316114,18.033083820660345
2023-06-30,0941.HK,sell,54.396820068359375,345.1959890781333,18.77756410620257
2023-06-30,0857.HK,sell,4.510117530822754,4472.314827923851,20.170665508777912
2023-06-30,1211.HK,sell,81.19096374511719,236.04855991893135,19.165010070465076
2023-06-30,0005.HK,sell,50.98446273803711,373.9264336458297,19.064438322982912
2023-06-30,3988.HK,sell,2.4560558795928955,7509.707614316114,18.44426154016463
2023-06-30,0857.HK,buy,4.510117530822754,4220.405117391584,19.034523107121846
2023-06-30,0005.HK,buy,50.98446273803711,373.3396820306411,19.034523107121846
2023-06-30,0941.HK,buy,54.396820068359375,349.9197762516549,19.034523107121846
2023-06-30,3988.HK,buy,2.4560558795928955,7750.036660516421,19.034523107121846
2023-06-30,1211.HK,buy,81.19096374511719,234.44139876054345,19.034523107121846
2023-07-31,0857.HK,sell,4.734791278839111,4220.405117391584,19.982737342993627
2023-07-31,0005.HK,sell,54.49486541748047,373.3396820306411,20.345095727264734
2023-07-31,0941.HK,sell,54.43928527832031,349.9197762516549,19.049382523889857
2023-07-31,3988.HK,sell,2.460442543029785,7750.036660516421,19.068519909575087
2023-07-31,1211.HK,sell,89.50491333007812,234.44139876054345,20.983657077044725
2023-07-31,0005.HK,buy,54.49486541748047,363.45325770465286,19.806336364159904
2023-07-31,0857.HK,buy,4.734791278839111,4183.148780534223,19.806336364159904
2023-07-31,0941.HK,buy,54.43928527832031,363.824327650523,19.806336364159904
2023-07-31,1211.HK,buy,89.50491333007812,221.2876994932968,19.806336364159904
2023-07-31,0883.HK,buy,10.43899154663086,1897.3419295997337,19.806336364159904
2023-08-31,0005.HK,sell,49.798309326171875,363.45325770465286,18.099357752781167
2023-08-31,0857.HK,sell,4.709827899932861,4183.148780534223,19.70191083613021
2023-08-31,0941.HK,sell,56.987144470214844,363.824327650523,20.733309521599136
2023-08-31,1211.HK,sell,79.82695007324219,221.2876994932968,17.664722139274026
2023-08-31,0883.HK,sell,11.102838516235352,1897.3419295997337,21.06588105442823
2023-08-31,0883.HK,buy,11.102838516235352,1750.3096017831635,19.43340486201467
2023-08-31,0941.HK,buy,56.987144470214844,341.0138381678664,19.43340486201467
2023-08-31,0857.HK,buy,4.709827899932861,4126.1390596228985,19.43340486201467
2023-08-31,1810.HK,buy,12.359999656677246,1572.2819904380947,19.43340486201467
2023-08-31,0388.HK,buy,285.7921447753906,67.99838700006168,19.43340486201467
2023-10-31,0883.HK,sell,10.984908103942871,1750.3096017831635,19.226990129036896
2023-10-31,0941.HK,sell,54.59028244018555,341.0138381678664,18.616041741595552
2023-10-31,0857.HK,sell,4.412291526794434,4126.1390596228985,18.205728411149668
2023-10-31,1810.HK,sell,14.020000457763672,1572.2819904380947,22.043394225675662
2023-10-31,0388.HK,sell,258.529052734375,67.99838700006168,17.579558578591385
2023-10-31,0883.HK,buy,10.984908103942871,1739.9013435974582,19.11265636934481
2023-10-31,0941.HK,buy,54.59028244018555,350.11096325223275,19.11265636934481
2023-10-31,1810.HK,buy,14.020000457763672,1363.2422072255386,19.11265636934481
2023-10-31,0005.HK,buy,47.51359939575195,402.2565457554793,19.11265636934481
2023-10-31,3988.HK,buy,2.332738161087036,8193.228322049858,19.11265636934481
2023-11-30,0883.HK,sell,11.314108848571777,1739.9013435974582,19.685433187237926
2023-11-30,0941.HK,sell,55.779903411865234,350.11096325223275,19.52915571364464
2023-11-30,1810.HK,sell,15.619999885559082,1363.2422072255386,21.293843120852223
2023-11-30,0005.HK,sell,50.77403259277344,402.2565457554793,20.424186964845166
2023-11-30,3988.HK,sell,2.4434151649475098,8193.228322049858,20.01945833197406
2023-11-30,1810.HK,buy,15.619999885559082,1286.7599064026306,20.099189590751106
2023-11-30,0883.HK,buy,11.314108848571777,1776.4712943599002,20.099189590751106
2023-11-30,0941.HK,buy,55.779903411865234,360.3303046680375,20.099189590751106
2023-11-30,1398.HK,buy,3.192996025085449,6294.774385199312,20.099189590751106
2023-11-30,0939.HK,buy,3.8111040592193604,5273.849592778656,20.099189590751106
2024-01-31,1810.HK,sell,12.319999694824219,1286.7599064026306,15.85288165419245
2024-01-31,0883.HK,sell,12.52695369720459,1776.4712943599002,22.25377364885958
2024-01-31,0941.HK,sell,58.55567932128906,360.3303046680375,21.099385769883995
2024-01-31,1398.HK,sell,3.2612955570220947,6294.774385199312,20.529119734907002
2024-01-31,0939.HK,sell,3.9122836589813232,5273.849592778656,20.632795581753243
2024-01-31,0941.HK,buy,58.55567932128906,342.182129623947,20.036707051735608
2024-01-31,0883.HK,buy,12.52695369720459,1599.4875957916913,20.036707051735608
2024-01-31,0857.HK,buy,4.888127326965332,4099.0558779439325,20.036707051735608
2024-01-31,3988.HK,buy,2.5030107498168945,8005.042348779914,20.036707051735608
2024-01-31,0939.HK,buy,3.9122836589813232,5121.486272023728,20.036707051735608
2024-02-29,0941.HK,sell,57.9828987121582,342.182129623947,19.840711763095907
2024-02-29,0883.HK,sell,13.930386543273926,1599.4875957916913,22.28148048055014
2024-02-29,0857.HK,sell,5.338007926940918,4099.0558779439325,21.880792769438475
2024-02-29,3988.HK,sell,2.622201442718506,8005.042348779914,20.990833595993426
2024-02-29,0939.HK,sell,4.114643096923828,5121.486272023728,21.073088135172583
2024-02-29,0883.HK,buy,13.930386543273926,1515.77703780295,21.115360050013827
2024-02-29,0941.HK,buy,57.9828987121582,364.16530596091485,21.115360050013827
2024-02-29,3988.HK,buy,2.622201442718506,8052.531627060266,21.115360050013827
2024-02-29,1398.HK,buy,3.4491188526153564,6121.95779626519,21.115360050013827
2024-02-29,0939.HK,buy,4.114643096923828,5131.759803371525,21.115360050013827
2024-04-30,0883.HK,sell,17.58624839782715,1515.77703780295,26.65683150252531
2024-04-30,0941.HK,sell,61.59580993652344,364.16530596091485,22.431056971444416
2024-04-30,3988.HK,sell,3.0053155422210693,8052.531627060266,24.20039845303093
2024-04-30,1398.HK,sell,3.6113297939300537,6121.95779626519,22.108408586834855
2024-04-30,0939.HK,sell,4.300139427185059,5131.759803371525,22.067282661321336
2024-04-30,0857.HK,buy,6.38484525680542,3654.2069806642985,23.331546107879703
2024-04-30,0883.HK,buy,17.58624839782715,1326.6926282448285,23.331546107879703
2024-04-30,3988.HK,buy,3.0053155422210693,7763.426428972111,23.331546107879703
2024-04-30,0005.HK,buy,59.86473083496094,389.73776015466694,23.331546107879703
2024-04-30,1810.HK,buy,17.31999969482422,1347.0869814652438,23.331546107879703
2024-05-31,0857.HK,sell,6.895286560058594,3654.2069806642985,25.19680428144683
2024-05-31,0883.HK,sell,18.10603904724121,1326.6926282448285,24.021148530687935
2024-05-31,3988.HK,sell,3.150047779083252,7763.426428972111,24.45516418065982
2024-05-31,0005.HK,sell,63.52432632446289,389.73776015466694,24.757828657030313
2024-05-31,1810.HK,sell,17.479999542236328,1347.0869814652438,23.547079819364978
2024-05-31,0883.HK,buy,18.10603904724121,1341.9313460831474,24.297061350898428
2024-05-31,3988.HK,buy,3.150047779083252,7713.235815734046,24.297061350898428
2024-05-31,0857.HK,buy,6.895286560058594,3523.7203181142277,24.297061350898428
2024-05-31,0005.HK,buy,63.52432632446289,382.4843608225996,24.297061350898428
2024-05-31,0700.HK,buy,356.68634033203125,68.11884449592559,24.297061350898428
2024-07-31,0883.HK,sell,18.3139705657959,1341.9313460831474,24.576091173485633
2024-07-31,3988.HK,sell,3.1795151233673096,7713.235815734046,24.524349926224787
2024-07-31,0857.HK,sell,6.097851753234863,3523.7203181142277,21.487124119722154
2024-07-31,0005.HK,sell,64.7272720336914,382.4843608225996,24.75716927159699
2024-07-31,0700.HK,sell,359.06561279296875,68.11884449592559,24.459134641678467
2024-07-31,0939.HK,buy,4.98922061920166,4796.689720882751,23.931743259340877
2024-07-31,3988.HK,buy,3.1795151233673096,7526.85309890762,23.931743259340877
2024-07-31,0005.HK,buy,64.7272720336914,369.7319925190743,23.931743259340877
2024-07-31,1398.HK,buy,3.990260601043701,5997.538920911892,23.931743259340877
2024-07-31,2628.HK,buy,10.311098098754883,2320.9694088964934,23.931743259340877
2024-09-30,0939.HK,sell,5.363184928894043,4796.689720882751,25.725534019619346
2024-09-30,3988.HK,sell,3.353109359741211,7526.85309890762,25.23836157534428
2024-09-30,0005.HK,sell,65.98261260986328,369.7319925190743,24.39588283185895
2024-09-30,1398.HK,sell,4.266084671020508,5997.538920911892,25.586008854351103
2024-09-30,2628.HK,sell,14.830511093139648,2320.9694088964934,34.421162565477225
2024-09-30,1810.HK,buy,22.5,1194.1267892117103,26.86785275726348
2024-09-30,2628.HK,buy,14.830511093139648,1811.6606088978356,26.86785275726348
2024-09-30,3690.HK,buy,172.0,156.20844626315977,26.86785275726348
2024-09-30,9988.HK,buy,109.76851654052734,244.7682960837288,26.86785275726348
2024-09-30,9618.HK,buy,166.5557098388672,161.31451022157415,26.86785275726348
2024-10-31,1810.HK,sell,26.700000762939453,1194.1267892117103,31.883186182999104
2024-10-31,2628.HK,sell,15.666034698486328,1811.6606088978356,28.38153796087436
2024-10-31,3690.HK,sell,182.5,156.20844626315977,28.50804144302666
2024-10-31,9988.HK,sell,94.35102844238281,244.7682960837288,23.094140465589476
2024-10-31,9618.HK,sell,154.9934844970703,161.31451022157415,25.002698039180043
2024-10-31,0175.HK,buy,13.402705192565918,2036.6849332420197,27.297087730383588
2024-10-31,1810.HK,buy,26.700000762939453,1022.362807130437,27.297087730383588
2024-10-31,3690.HK,buy,182.5,149.57308345415666,27.297087730383588
2024-10-31,2628.HK,buy,15.666034698486328,1742.4375890742197,27.297087730383588
2024-10-31,1211.HK,buy,92.77450561523438,294.230484434952,27.297087730383588
2024-12-31,0175.HK,sell,14.560480117797852,2036.6849332420197,29.655110476688872
2024-12-31,1810.HK,sell,34.650001525878906,1022.362807130437,35.42487282707149
2024-12-31,3690.HK,sell,152.5,149.57308345415666,22.80989522675889
2024-12-31,2628.HK,sell,14.1636381149292,1742.4375890742197,24.67925544949696
2024-12-31,1211.HK,sell,87.89510345458984,294.230484434952,25.861418868904195
2024-12-31,1810.HK,buy,34.650001525878906,796.953078596681,27.61442538942889
2024-12-31,0175.HK,buy,14.560480117797852,1896.532611975802,27.61442538942889
2024-12-31,0939.HK,buy,5.91956901550293,4664.9384975677585,27.61442538942889
2024-12-31,1398.HK,buy,4.799345970153809,5753.789279030432,27.61442538942889
2024-12-31,2382.HK,buy,68.29413604736328,404.3454824624732,27.61442538942889
2025-02-28,1810.HK,sell,51.849998474121094,796.953078596681,41.32201590918402
2025-02-28,0175.HK,sell,17.209625244140625,1896.532611975802,32.63861551539472
2025-02-28,0939.HK,sell,6.214876174926758,4664.9384975677585,28.99201512603249
2025-02-28,1398.HK,sell,5.211830139160156,5753.789279030432,29.987772378827394
2025-02-28,2382.HK,sell,85.88805389404297,404.3454824624732,34.728446589549705
2025-02-28,1810.HK,buy,51.849998474121094,639.917375235238,33.179714929510666
2025-02-28,0175.HK,buy,17.209625244140625,1927.9742852510626,33.179714929510666
2025-02-28,2382.HK,buy,85.88805389404297,386.31350257910486,33.179714929510666
2025-02-28,1211.HK,buy,122.51245880126953,270.8272713988403,33.179714929510666
2025-02-28,9988.HK,buy,127.231689453125,260.78184666198916,33.179714929510666
2025-03-31,1810.HK,sell,49.20000076293945,639.917375235238,31.48393534979192
2025-03-31,0175.HK,sell,16.326574325561523,1927.9742852510626,31.47721546592283
2025-03-31,2382.HK,sell,70.72258758544922,386.31350257910486,27.321090521592406
2025-03-31,1211.HK,sell,129.50186157226562,270.8272713988403,35.07263581068703
2025-03-31,9988.HK,sell,127.73063659667969,260.78184666198916,33.309831286993585
2025-03-31,1810.HK,buy,49.20000076293945,645.1953827864332,31.743613325337527
2025-03-31,3988.HK,buy,4.4342827796936035,7158.680423067408,31.743613325337527
2025-03-31,9988.HK,buy,127.73063659667969,248.51996491312164,31.743613325337527
2025-03-31,1211.HK,buy,129.50186157226562,245.12090359120987,31.743613325337527
2025-03-31,0175.HK,buy,16.326574325561523,1944.2911104528819,31.743613325337527
2025-04-30,1810.HK,sell,49.95000076293945,645.1953827864332,32.227509862427354
2025-04-30,3988.HK,sell,4.227949142456055,7158.680423067408,30.26653675582479
2025-04-30,9988.HK,sell,117.25273132324219,248.51996491312164,29.139644674419827
2025-04-30,1211.HK,sell,122.05089569091797,245.12090359120987,29.917225835874316
2025-04-30,0175.HK,sell,16.051849365234375,1944.2911104528819,31.209468027153928
2025-04-30,1211.HK,buy,122.05089569091797,250.3256757523716,30.55247294001126
2025-04-30,1810.HK,buy,49.95000076293945,611.661110577595,30.55247294001126
2025-04-30,9988.HK,buy,117.25273132324219,260.5693922454074,30.55247294001126
2025-04-30,0941.HK,buy,76.36531066894531,400.08313555431806,30.55247294001126
2025-04-30,3988.HK,buy,4.227949142456055,7226.310419207892,30.55247294001126
2025-06-30,1211.HK,sell,122.5,250.3256757523716,30.664895279665522
2025-06-30,1810.HK,sell,59.95000076293945,611.661110577595,36.66908404578721
2025-06-30,9988.HK,sell,109.80000305175781,260.5693922454074,28.610520063740413
2025-06-30,0941.HK,sell,84.42224884033203,400.08313555431806,33.77591802658693
2025-06-30,3988.HK,sell,4.4422688484191895,7226.310419207892,32.10121366425423
2025-06-30,0388.HK,buy,413.26519775390625,77.94985585065363,32.21396259300886
2025-06-30,0939.HK,buy,7.721363544464111,4172.056192860508,32.21396259300886
2025-06-30,1299.HK,buy,69.92089080810547,460.7201398709083,32.21396259300886
2025-06-30,2628.HK,buy,18.127918243408203,1777.0359596983906,32.21396259300886
2025-06-30,1810.HK,buy,59.95000076293945,537.3471590166057,32.21396259300886
2025-07-31,0388.HK,sell,421.3568420410156,77.94985585065363,32.8447050987838
2025-07-31,0939.HK,sell,7.848103046417236,4172.056192860508,32.742726917012455
2025-07-31,1299.HK,sell,72.90047454833984,460.7201398709083,33.58671683056672
2025-07-31,2628.HK,sell,22.47817039489746,1777.0359596983906,39.944517099960564
2025-07-31,1810.HK,sell,53.150001525878906,537.3471590166057,28.56000232165929
2025-07-31,0388.HK,buy,421.3568420410156,79.28477612303963,33.4071828891329
2025-07-31,2628.HK,buy,22.47817039489746,1486.2056075843398,33.4071828891329
2025-07-31,0005.HK,buy,94.72750091552734,352.6661483334554,33.4071828891329
2025-07-31,2318.HK,buy,52.9686393737793,630.6973953661764,33.4071828891329
2025-07-31,0939.HK,buy,7.848103046417236,4256.720724937948,33.4071828891329
2025-09-30,0388.HK,sell,442.0,79.28477612303963,35.043871046383515
2025-09-30,2628.HK,sell,21.8359375,1486.2056075843398,32.45269275936117
2025-09-30,0005.HK,sell,108.61365509033203,352.6661483334554,38.3043593971258
2025-09-30,2318.HK,sell,53.04999923706055,630.6973953661764,33.45849634299173
2025-09-30,0939.HK,sell,7.292398929595947,4256.720724937948,31.04170565812638
2025-09-30,0700.HK,buy,663.0,51.22696666015243,33.96347889568106
2025-09-30,0388.HK,buy,442.0,76.84044999022863,33.96347889568106
2025-09-30,2628.HK,buy,21.8359375,1555.3936667789537,33.96347889568106
2025-09-30,1299.HK,buy,74.6500015258789,454.9695673335913,33.96347889568106
2025-09-30,9988.HK,buy,177.0,191.8840615575201,33.96347889568106
2025-10-31,0700.HK,sell,629.0,51.22696666015243,32.221762029235876
2025-10-31,0388.HK,sell,423.6000061035156,76.84044999022863,32.54961508485774
2025-10-31,2628.HK,sell,24.520000457763672,1555.3936667789537,38.13825342142266
2025-10-31,1299.HK,sell,75.44999694824219,454.9695673335913,34.32745246686253
2025-10-31,9988.HK,sell,165.10000610351562,191.8840615575201,31.68005973431394
2025-10-31,9988.HK,buy,165.10000610351562,204.2887356499413,33.7280715026848
2025-10-31,0700.HK,buy,629.0,53.62173529838601,33.7280715026848
2025-10-31,0005.HK,buy,107.32299041748047,314.2669745921584,33.7280715026848
2025-10-31,2628.HK,buy,24.520000457763672,1375.5330698619791,33.7280715026848
2025-10-31,1299.HK,buy,75.44999694824219,447.0254853134303,33.7280715026848
2025-12-31,9988.HK,sell,142.60000610351562,204.2887356499413,29.131574950561117
2025-12-31,0700.HK,sell,599.0,53.62173529838601,32.11941944373322
2025-12-31,0005.HK,sell,122.19999694824219,314.2669745921584,38.40342333609507
2025-12-31,2628.HK,sell,27.440000534057617,1375.5330698619791,37.74462817162662
2025-12-31,1299.HK,sell,80.0999984741211,447.0254853134303,35.80674069149901
2025-12-31,0857.HK,buy,8.380000114440918,4120.590905603529,34.53055226052178
2025-12-31,2628.HK,buy,27.440000534057617,1258.4020258186074,34.53055226052178
2025-12-31,0883.HK,buy,21.280000686645508,1622.6762756728572,34.53055226052178
2025-12-31,2318.HK,buy,65.30000305175781,528.7986316501749,34.53055226052178
2025-12-31,1398.HK,buy,6.239999771118164,5533.742552419059,34.53055226052178
