date,equity,daily_return
2019-01-04,101229.95111434394,0.012299511143439332
2019-01-07,101829.74703724198,0.005925083597250226
2019-01-08,102062.51469043229,0.002285851236625339
2019-01-09,102552.52707712998,0.004801100464592273
2019-01-10,101145.47365076012,-0.013720319396045932
2019-01-11,101223.89407914036,0.0007753231612817455
2019-01-14,101136.02679103572,-0.0008680488821733882
2019-01-15,101132.94854147051,-3.0436726287173176e-05
2019-01-16,101479.29376569501,0.003424652689548291
2019-01-17,101791.73067452501,0.0030788242333591974
2019-01-18,101803.07169919138,0.00011141400771193341
2019-01-22,101234.34488146016,-0.005586538875877006
2019-01-23,101174.80666669988,-0.0005881226853395696
2019-01-24,101184.98342580837,0.00010058590121181664
2019-01-25,102096.42544212559,0.009007680640532197
2019-01-28,101269.82165257215,-0.008096304899744075
2019-01-29,101394.99096413748,0.0012359981436006005
2019-01-30,102537.52207270387,0.011268121804660828
2019-01-31,102848.4296403272,0.0030321345916949406
2019-02-01,102824.75774842502,-0.00023016289101318013
2019-02-04,102883.38852813566,0.0005702010001725064
2019-02-05,103208.07709850666,0.0031558891577740823
2019-02-06,102718.72188980585,-0.004741442941851811
2019-02-07,103015.74615675445,0.0028916273633860365
2019-02-08,104562.70745394092,0.015016746030577864
2019-02-11,104242.98543093797,-0.003057706048246505
2019-02-12,104359.50886692571,0.0011178060135752627
2019-02-13,104004.1399009203,-0.0034052380071906956
2019-02-14,104411.56547894912,0.003917397696062456
2019-02-15,104840.39554941199,0.004107112736944003
2019-02-19,107181.9247639338,0.02233422720556434
2019-02-20,107224.46925832068,0.0003969372119468381
2019-02-21,106096.71644025802,-0.01051768151302964
2019-02-22,106744.01275155219,0.0061010023025421505
2019-02-25,106050.44189846981,-0.006497515272324233
2019-02-26,106232.36233991876,0.001715414270721404
2019-02-27,105321.8965451299,-0.008570512551303243
2019-02-28,104942.27057087136,-0.0036044354185728687
2019-03-01,103811.07333979092,-0.010779233429264299
2019-03-04,103533.07361815685,-0.002677938997163953
2019-03-05,104297.98929255125,0.007388128717355711
2019-03-06,104435.46820639713,0.0013181358027932917
2019-03-07,104062.0290950053,-0.0035757881666580926
2019-03-08,103038.39683345845,-0.009836750930661787
2019-03-11,102628.76650545452,-0.003975511465556063
2019-03-12,103105.86494344918,0.004648778838916532
2019-03-13,102803.46609601539,-0.0029328966649924417
2019-03-14,102764.83761402094,-0.0003757507743792442
2019-03-15,104694.24950708092,0.018775020112489618
2019-03-18,105574.51762165657,0.008407989156234431
2019-03-19,106138.66094071379,0.0053435557345278195
2019-03-20,106394.81331739029,0.0024133748664832855
2019-03-21,104768.86878536419,-0.015282178532290724
2019-03-22,104874.98139762614,0.0010128257896851566
2019-03-25,104002.7341371436,-0.008317019453624192
2019-03-26,104250.64473414779,0.002383693073657874
2019-03-27,106659.81655187109,0.023109418880496897
2019-03-28,105850.78744525702,-0.0075851349905577065
2019-03-29,107272.40314998996,0.013430374388741827
2019-04-01,107090.26124230892,-0.0016979381679961903
2019-04-02,117479.82666885677,0.09701690243373112
2019-04-03,116567.95741223801,-0.007761922046319201
2019-04-04,115278.00400333773,-0.011066106308600776
2019-04-05,117428.64375667677,0.018656115465677133
2019-04-08,121591.61958383014,0.0354511105125206
2019-04-09,120188.95742783065,-0.011535845651208096
2019-04-10,121664.51896095798,0.012277014167573153
2019-04-11,117741.17278991065,-0.03224725009849696
2019-04-12,118104.85778652235,0.003088851486647065
2019-04-15,117515.21167537868,-0.004992564422790052
2019-04-16,119791.79918952222,0.019372704875283222
2019-04-17,119778.4761382435,-0.00011121839198398976
2019-04-18,121096.93434569275,0.011007471876061726
2019-04-22,121882.2980631773,0.006485413703724212
2019-04-23,123852.96286846923,0.01616858917666975
2019-04-24,122195.43732519053,-0.013383010829050319
2019-04-25,118447.77148069572,-0.030669441728183353
2019-04-26,119575.62554670533,0.009521952603333045
2019-04-29,119119.65815404801,-0.0038132135255208536
2019-04-30,121014.33509091253,0.01590566130079275
2019-05-01,121066.41205787682,0.0004303371738990574
2019-05-02,122065.9991241465,0.008256518461882053
2019-05-03,125667.78631715912,0.02950688331604484
2019-05-06,125870.90818653724,0.0016163399971531394
2019-05-07,125700.87142393742,-0.0013508821462369636
2019-05-08,127376.04483836953,0.013326665085577971
2019-05-09,128896.29299854455,0.01193511827207463
2019-05-10,131619.48725968902,0.021127017680603263
2019-05-13,151413.02980678753,0.1503845893886919
2019-05-14,159424.18305763416,0.05290927247852688
2019-05-15,170468.1517581369,0.06927411192384897
2019-05-16,172546.021724433,0.012189197482731003
2019-05-17,161977.57845885676,-0.061249996725248945
2019-05-20,169974.07462305715,0.049367920179344674
2019-05-21,170844.01518977873,0.005118077969542146
2019-05-22,165383.1593524361,-0.03196398674707175
2019-05-23,167591.62328258774,0.013353620397620603
2019-05-24,169567.8408372639,0.011791863554802605
2019-05-28,182303.21819335019,0.07510490959372744
2019-05-29,181085.39517277823,-0.006680205827635671
2019-05-30,174484.64645265276,-0.03645102750460648
2019-05-31,180292.51627411682,0.033285850299957724
2019-06-03,172908.86603821974,-0.040953725581548625
2019-06-04,165419.92635308407,-0.0433114845798613
2019-06-05,168156.8625717505,0.016545384096136734
2019-06-06,168946.40994503407,0.004695302714432269
2019-06-07,171595.91010793843,0.01568248868837369
2019-06-10,170088.72607009372,-0.008783333104481678
2019-06-11,168928.36196095689,-0.006822110647466645
2019-06-12,175298.88230857463,0.03771137228626001
2019-06-13,174856.56776271353,-0.0025232023161590594
2019-06-14,181283.13277425247,0.036753352154664326
2019-06-17,189764.63417178812,0.04678593792891628
2019-06-18,185216.16004115393,-0.023969029584915227
2019-06-19,188246.5604237683,0.016361425385025993
2019-06-20,191450.50453280896,0.01701993439788823
2019-06-21,203503.7734699174,0.06295762430358519
2019-06-24,215556.544080368,0.059226275783197266
2019-06-25,224181.93409952434,0.04001451246101091
2019-06-26,239322.626567982,0.06753752272355738
2019-06-27,212536.91540615438,-0.11192302017552393
2019-06-28,227573.5604852416,0.07074839234564242
2019-07-01,207920.13991650642,-0.08636073771851785
2019-07-02,209465.01436385416,0.007430133742542292
2019-07-03,222597.35067070596,0.06269465259740262
2019-07-05,209926.97322195486,-0.05692061208533752
2019-07-08,228063.56830318103,0.08639478197044469
2019-07-09,229435.23237531414,0.006014393628664244
2019-07-10,221009.32432740592,-0.03672456039412889
2019-07-11,208143.7398688385,-0.05821285820279784
2019-07-12,214298.28633419354,0.029568732017755346
2019-07-15,193521.4624147134,-0.09695282344479016
2019-07-16,172335.36723252945,-0.10947672117515574
2019-07-17,178229.0684868145,0.03419902338637642
2019-07-18,191311.40009552208,0.0734017841184835
2019-07-19,188326.7362502378,-0.015601076798319635
2019-07-22,185651.88389957484,-0.014203253366578702
2019-07-23,180436.02742677837,-0.028094821141798378
2019-07-24,181167.24838540712,0.004052521932880068
2019-07-25,182627.65042552937,0.008061070933833837
2019-07-26,182390.23887906675,-0.0012999759122425095
2019-07-29,176915.6903612833,-0.03001557841817023
2019-07-30,177481.51018967445,0.0031982456006906705
2019-07-31,183898.61707944784,0.036156481218327645
2019-08-01,186662.78419840988,0.015030929339549325
2019-08-02,187643.79645439584,0.005255532109406479
2019-08-05,203404.66290200903,0.08399353853109491
2019-08-06,199428.7190101308,-0.019546965321014607
2019-08-07,203704.0250386512,0.02143776508088189
2019-08-08,203052.7766569544,-0.0031970324669491038
2019-08-09,199577.26742998048,-0.01711628515597984
2019-08-12,196406.6107494537,-0.015886862874496213
2019-08-13,191786.60161647518,-0.023522676326165334
2019-08-14,179789.12986712498,-0.06255636028914115
2019-08-15,182820.38389520603,0.016860051719040703
2019-08-16,182479.68110031524,-0.001863593039417771
2019-08-19,191060.18728819184,0.04702170749169381
2019-08-20,188501.68993357246,-0.013391054363200153
2019-08-21,180839.91814067672,-0.0406456398114825
2019-08-22,181701.69271981312,0.0047654001837472235
2019-08-23,185295.46752146605,0.01977843325430435
2019-08-26,183636.02956815195,-0.008955631648798252
2019-08-27,182158.05840042903,-0.00804837248550069
2019-08-28,175167.5756773442,-0.038375918059677674
2019-08-29,171887.77677454983,-0.018723778588085917
2019-08-30,172417.16040165312,0.003079821247543616
2019-09-03,184178.93244431404,0.06821694554800325
2019-09-04,183307.46733883859,-0.004731622091136542
2019-09-05,181342.20113646513,-0.010721146448118906
2019-09-06,179384.00337261008,-0.010798356651585113
2019-09-09,179023.0264243991,-0.0020123140381763313
2019-09-10,176284.68859744116,-0.015296009019902999
2019-09-11,176965.4211427253,0.0038615523032669496
2019-09-12,178661.36162846384,0.00958345689676145
2019-09-13,177102.9124037222,-0.00872292257562952
2019-09-16,178161.24153173543,0.005975786132757972
2019-09-17,178770.47705091716,0.0034195738306708537
2019-09-18,178454.45104352687,-0.0017677751528306725
2019-09-19,179698.14650832888,0.006969259984995509
2019-09-20,179950.008542345,0.001401583927881102
2019-09-23,176135.47460280484,-0.021197742475475033
2019-09-24,166754.041568401,-0.05326259832415637
2019-09-25,164537.66549541955,-0.013291288487735557
2019-09-26,161517.8497547049,-0.01835334014021691
2019-09-27,162860.15235571112,0.00831055269151217
2019-09-30,162928.71383199378,0.00042098374151663086
2019-10-01,163451.55155084253,0.0032089967848632963
2019-10-02,164455.82164930023,0.006144145399227397
2019-10-03,163678.95397179527,-0.004723868512004464
2019-10-04,164335.78324467214,0.004012912209776597
2019-10-07,163382.09272728904,-0.005803304055594483
2019-10-08,164057.43701358256,0.004133526967492012
2019-10-09,164732.20148111007,0.004112977014700439
2019-10-10,163069.68547615208,-0.010092234487308987
2019-10-11,161256.87551041614,-0.011116780905308432
2019-10-14,162270.22757801256,0.006284085961537627
2019-10-15,160626.16987619898,-0.010131604092458564
2019-10-16,160668.4748978637,0.00026337564854665675
2019-10-17,160781.4651487,0.0007032509078592881
2019-10-18,160326.24925836772,-0.0028312709422771624
2019-10-21,159903.00599514207,-0.0026398875117673876
2019-10-22,160171.64684526378,0.0016800237647181845
2019-10-23,159350.31964025748,-0.005127793970925127
2019-10-24,159671.04696575922,0.002012718432104774
2019-10-25,161845.72957368277,0.013619767949475954
2019-10-28,161326.9808349836,-0.0032052049817167896
2019-10-29,161695.00747793348,0.002281246701854144
2019-10-30,162638.19681108554,0.005833138251227507
2019-10-31,164184.58632570333,0.009508157031610745
2019-11-01,164172.87470556202,-7.133203185150094e-05
2019-11-04,164325.07455080253,0.0009270705986813232
2019-11-05,163532.79165996957,-0.004821436369335207
2019-11-06,164005.97021125353,0.0028934780999018877
2019-11-07,163009.69961974808,-0.006074599541846935
2019-11-08,162181.92871968137,-0.0050780469014890086
2019-11-11,161997.59037743852,-0.001136614564261766
2019-11-12,162534.24760373184,0.003312748202260153
2019-11-13,162942.27271954375,0.0025103947126682113
2019-11-14,163257.89301187612,0.0019370068126864934
2019-11-15,163195.19821527967,-0.0003840230658366501
2019-11-18,163168.7173866313,-0.00016226475373032866
2019-11-19,163112.143635896,-0.0003467193445004994
2019-11-20,162809.45987490157,-0.0018556788859945745
2019-11-21,160979.99815614682,-0.011236826902812982
2019-11-22,159967.5127692844,-0.006289510488627975
2019-11-25,160102.78868372538,0.0008456461696448941
2019-11-26,160875.70669425518,0.004827636151027073
2019-11-27,161748.7121498058,0.005426583500327751
2019-11-29,162006.80133143955,0.0015956181548741535
2019-12-02,159851.61085121878,-0.01330308642914082
2019-12-03,160120.71279774484,0.0016834484500535644
2019-12-04,160394.7402946434,0.0017113806959171138
2019-12-05,161119.27550499444,0.004517200557948926
2019-12-06,162065.74075084488,0.005874314186703819
2019-12-09,161402.2343254382,-0.004094057277822397
2019-12-10,160920.52302626686,-0.002984539223912249
2019-12-11,161067.17619915525,0.0009113391513427732
2019-12-12,161958.8177182471,0.0055358362897562265
2019-12-13,162228.43527399108,0.0016647290931269265
2019-12-16,161165.040663853,-0.006554921203191713
2019-12-17,159494.83540579613,-0.010363322288612649
2019-12-18,161803.86393276684,0.01447713664894515
2019-12-19,161783.4267253138,-0.0001263085253733015
2019-12-20,162290.91793492218,0.00313685536201469
2019-12-23,162687.04888182043,0.0024408694703242735
2019-12-24,162843.45257270668,0.0009613776386088919
2019-12-26,163121.65685006932,0.0017084154933304319
2019-12-27,163292.59695268667,0.0010479301517546205
2019-12-30,163256.6447706448,-0.00022017031214393223
2019-12-31,162918.08670788974,-0.0020737781499227297
2020-01-02,163563.61416751964,0.0039622823510522265
2020-01-03,164553.31264992463,0.006050847478775822
2020-01-06,166768.54373430155,0.013462087445724443
2020-01-07,167132.66549165235,0.002183395916264286
2020-01-08,166952.2334918754,-0.0010795735187145033
2020-01-09,166925.14762101218,-0.000162237247724768
2020-01-10,167837.40612143523,0.005465075295270985
2020-01-13,168140.7806567467,0.0018075501899260291
2020-01-14,170765.96154411652,0.015612993332825282
2020-01-15,171285.40728080808,0.0030418575926640513
2020-01-16,171732.89757418886,0.0026125418416242043
2020-01-17,172747.7948565445,0.0059097429595119195
2020-01-21,172407.59567472152,-0.0019693402286581796
2020-01-22,172286.85308058996,-0.0007003322194652496
2020-01-23,171811.12252021403,-0.002761270241284194
2020-01-24,171358.13692699422,-0.0026365324117274486
2020-01-27,171521.43911400007,0.0009529876429236542
2020-01-28,173048.32573011893,0.00890201612116859
2020-01-29,173162.86101190586,0.0006618687658702826
2020-01-30,174391.6691870579,0.007096257060961619
2020-01-31,172478.65976990896,-0.010969614695854495
2020-02-03,173491.34491009687,0.005871364849070836
2020-02-04,174084.1865485876,0.00341712515283086
2020-02-05,175140.1026585679,0.006065548691785363
2020-02-06,176261.59465176926,0.006403399199712136
2020-02-07,177280.75974610966,0.005782116611130665
2020-02-10,178040.3946778819,0.004284925972001497
2020-02-11,178408.895869993,0.002069761712097844
2020-02-12,179539.61086742423,0.006337772519231284
2020-02-13,179998.7969772941,0.0025575754990855883
2020-02-14,181135.24544894093,0.006313644817249277
2020-02-18,181873.09459256605,0.00407347085762557
2020-02-19,181355.5214031109,-0.0028457930548475923
2020-02-20,181729.79210358244,0.002063740312817024
2020-02-21,182842.7755614318,0.0061243863483592936
2020-02-24,182376.34990418912,-0.002550965745354173
2020-02-25,179287.99240252716,-0.016933980218840926
2020-02-26,177820.41511344718,-0.008185586047419466
2020-02-27,176110.1615529893,-0.009617869575699461
2020-02-28,175178.29093491772,-0.005291407434154168
2020-03-02,177595.62845566214,0.013799298462402021
2020-03-03,178333.9531364304,0.004157335893842695
2020-03-04,179990.13830514363,0.009286987360428121
2020-03-05,181293.85735523645,0.007243280450635526
2020-03-06,187751.6095185626,0.03562035833719664
2020-03-09,167974.4115530288,-0.10533703554524501
2020-03-10,166227.57941165718,-0.010399394319772036
2020-03-11,162623.39075071496,-0.021682254374988955
2020-03-12,117006.936646242,-0.2805036464551297
2020-03-13,129488.52657785165,0.10667393138704584
2020-03-16,117064.35364062434,-0.09594806015309462
2020-03-17,119160.55724344951,0.01790642102087122
2020-03-18,118020.69452128928,-0.00956577200148074
2020-03-19,132883.94992954342,0.12593770498082457
2020-03-20,132616.85039710454,-0.002010021018945443
2020-03-23,135981.40676646453,0.025370504270650754
2020-03-24,140397.1126688425,0.03247286527901256
2020-03-25,138802.31436945614,-0.011359195848621658
2020-03-26,140746.17485280056,0.014004525012244076
2020-03-27,137790.36287582907,-0.021001011075880455
2020-03-30,137298.16187151324,-0.0035721003562446483
2020-03-31,136796.46051020626,-0.0036541010780353407
2020-04-01,138611.09111087018,0.013265186788429762
2020-04-02,143007.29471557974,0.031716102726535716
2020-04-03,142789.24864382422,-0.0015247199255756488
2020-04-06,146874.16251684973,0.02860799333159175
2020-04-07,145405.54448265544,-0.009999158524739156
2020-04-08,145675.63458471865,0.001857495207793945
2020-04-09,146449.07242942246,0.005309315088337725
2020-04-13,144280.95852812403,-0.014804558781642668
2020-04-14,144854.74650604682,0.003976879442556175
2020-04-15,146219.07191128374,0.00941857576741531
2020-04-16,149439.41861804776,0.022024122193293024
2020-04-17,147992.0767138928,-0.009685141427471636
2020-04-20,148391.2791028962,0.0026974578495520527
2020-04-21,149052.80088157795,0.004457955903345414
2020-04-22,149886.08506991586,0.005590530224252345
2020-04-23,151265.0094839635,0.009199816069680102
2020-04-24,151990.15967764065,0.004793905716536655
2020-04-27,151133.68472232381,-0.0056350684618882005
2020-04-28,152122.20201003875,0.006540681447230777
2020-04-29,154643.87083940176,0.016576599576152658
2020-04-30,152281.42741368304,-0.015276670280531979
2020-05-01,153568.19716420607,0.00844994542261158
2020-05-04,152977.829045852,-0.0038443384063615686
2020-05-05,152631.43541304683,-0.0022643387931813672
2020-05-06,150858.8713467929,-0.011613361700078768
2020-05-07,153951.951741944,0.020503138910808655
2020-05-08,152773.71297037302,-0.007653288953075193
2020-05-11,149682.8624259102,-0.02023156002670581
2020-05-12,150784.8393519836,0.007362078117786417
2020-05-13,152556.36805903594,0.011748719000303364
2020-05-14,154441.05308298243,0.012354023944888071
2020-05-15,153948.1481877834,-0.003191540625756835
2020-05-18,153458.9509553223,-0.0031776753291269787
2020-05-19,154145.90087483687,0.004476440867333572
2020-05-20,154319.0302698646,0.0011231527666007964
2020-05-21,152756.2269063309,-0.010127094246255672
2020-05-22,153941.48096305953,0.007759121056684816
2020-05-26,151736.95732954357,-0.014320530241260678
2020-05-27,152475.00963916138,0.004864024708330788
2020-05-28,153175.7179232241,0.004595561500346567
2020-05-29,154088.72282361778,0.005960506748539201
2020-06-01,155636.2901883298,0.010043352533225018
2020-06-02,154170.94104656842,-0.00941521505034723
2020-06-03,152659.9212138227,-0.00980093798797856
2020-06-04,152376.963090825,-0.0018535193831350832
2020-06-05,151692.38178210272,-0.004492682455642988
2020-06-08,153852.18052081304,0.014238017185416342
2020-06-09,153580.93489471835,-0.0017630275058597622
2020-06-10,154521.19573791718,0.006122249769109539
2020-06-11,146328.0152980339,-0.05302301992135573
2020-06-12,148750.95250962302,0.016558259241432317
2020-06-15,147329.65177740887,-0.009554901721534812
2020-06-16,149297.144422339,0.013354356174700767
2020-06-17,148590.31607150033,-0.004734372874802996
2020-06-18,148095.43585509682,-0.003330501135520714
2020-06-19,146258.58308155672,-0.012403169368010596
2020-06-22,151768.54402622508,0.037672735702600706
2020-06-23,152169.6493902977,0.0026428754828359663
2020-06-24,147870.71503948618,-0.028250931562477745
2020-06-25,147395.18596680847,-0.0032158434653591973
2020-06-26,145445.79057887621,-0.013225638104430518
2020-06-29,145764.56529519762,0.002191708093116259
2020-06-30,145502.9831704778,-0.0017945522232381194
2020-07-01,147213.66262839007,0.011757006080816807
2020-07-02,146478.90494206664,-0.004991097111537668
2020-07-06,150975.36661588468,0.030696991321695326
2020-07-07,149676.00021324123,-0.008606479532182923
2020-07-08,152623.96588670023,0.01969564705937535
2020-07-09,150952.54633670454,-0.010951226042943017
2020-07-10,150698.48715045923,-0.0016830400838594186
2020-07-13,149978.73499467826,-0.0047761073743385505
2020-07-14,150568.12162060651,0.003929801287823819
2020-07-15,150138.255409697,-0.0028549616365185
2020-07-16,148506.27134449492,-0.01086987497456098
2020-07-17,148541.83050005592,0.00023944548091519603
2020-07-20,149751.14158929657,0.008141215744882083
2020-07-21,153147.4713357703,0.02267982541187154
2020-07-22,158421.71333853438,0.034438975431729246
2020-07-23,161466.65652347868,0.019220491438806053
2020-07-24,162190.33930191552,0.004481933261135094
2020-07-27,179404.03781436483,0.10613269931204831
2020-07-28,177926.04328934703,-0.008238357079494175
2020-07-29,179663.17226975202,0.009763208062689448
2020-07-30,183163.49451258362,0.019482691965252204
2020-07-31,186926.1109118437,0.020542392518076477
2020-08-03,195391.24412274602,0.04528598583476964
2020-08-04,196445.01514454623,0.00539313328256516
2020-08-05,201025.28129291625,0.023315766729941182
2020-08-06,200079.59920607109,-0.0047042943094664225
2020-08-07,195163.38810968646,-0.024571276211530237
2020-08-10,199982.2255282357,0.02469129822567398
2020-08-11,192969.07949806587,-0.03506884680198548
2020-08-12,196249.44136265936,0.016999417073067184
2020-08-13,206830.10148876804,0.05391434519579667
2020-08-14,208736.1015520158,0.009215293371362959
2020-08-17,208754.53722669889,8.83204895847212e-05
2020-08-18,207166.12944120713,-0.007608973709475836
2020-08-19,201171.65292549072,-0.02893560125820479
2020-08-20,204367.8229566461,0.01588777536335692
2020-08-21,196847.37330185858,-0.036798599436971426
2020-08-24,202251.81458885653,0.0274549829969559
2020-08-25,195295.32933601824,-0.0343951685525277
2020-08-26,196793.52873461877,0.007671455347622661
2020-08-27,194942.52834560166,-0.009405799067271393
2020-08-28,199550.43016213377,0.023637232242946168
2020-08-31,209966.60126531828,0.05219818917314004
2020-09-01,221432.65994647317,0.05460896453082145
2020-09-02,211524.42976335518,-0.04474601978548743
2020-09-03,192980.66455777572,-0.08766725066379077
2020-09-04,194340.28937558166,0.007045394008366616
2020-09-08,179482.2907817654,-0.07645351687781898
2020-09-09,184076.19615386284,0.025595312785946185
2020-09-10,188799.12135059197,0.025657446728100462
2020-09-11,190708.33264173413,0.010112395002076606
2020-09-14,192816.7856246975,0.011055903817922432
2020-09-15,189948.78366802793,-0.014874233834869039
2020-09-16,190803.29646642954,0.004498648435122616
2020-09-17,196695.0021652418,0.030878427196612282
2020-09-18,195274.17959487904,-0.007223480793727256
2020-09-21,181774.43287885154,-0.069132266969624
2020-09-22,182803.57517221596,0.005661644913783396
2020-09-23,174523.5924207166,-0.045294424595902764
2020-09-24,184325.30584796134,0.05616268431843978
2020-09-25,185042.6524691961,0.0038917424709250937
2020-09-28,186389.23903542935,0.007277168524469875
2020-09-29,188242.82929117224,0.009944727846603642
2020-09-30,187931.63883753083,-0.0016531331090442146
2020-10-01,185909.0376491791,-0.01076243042875968
2020-10-02,183654.90869537543,-0.01212490249160101
2020-10-05,186804.58056649994,0.017149946568260716
2020-10-06,182172.53338615017,-0.024796218413395944
2020-10-07,183000.5827456003,0.00454541276919542
2020-10-08,186650.68420015022,0.01994584607210862
2020-10-09,191628.4378662482,0.026668820890901137
2020-10-12,199653.14546873223,0.041876392104626375
2020-10-13,197121.6733442593,-0.012679350072495552
2020-10-14,196628.37238082508,-0.0025025201697263396
2020-10-15,196381.1756948752,-0.0012571770948249347
2020-10-16,192727.13772991285,-0.018606864695828847
2020-10-19,197497.0049004788,0.024749328126537268
2020-10-20,195480.90187454695,-0.010208271396053762
2020-10-21,204927.92089953274,0.04832706895862678
2020-10-22,210817.05865859127,0.02873760556008227
2020-10-23,209835.96381709562,-0.0046537735026675
2020-10-26,205990.81857024273,-0.018324529203223354
2020-10-27,210717.4591043203,0.022945879660484805
2020-10-28,204219.01911349862,-0.03083958974469449
2020-10-29,204373.4442345933,0.0007561740417960397
2020-10-30,203426.4314601379,-0.004633736922143309
2020-11-02,204092.10588389114,0.0032723103825555103
2020-11-03,208602.1362850488,0.022098014921377834
2020-11-04,211838.45059441144,0.01551429130591609
2020-11-05,227592.66987591083,0.07436902619563902
2020-11-06,229112.11263829508,0.006676149821576891
2020-11-09,225370.41872786236,-0.016331279334584243
2020-11-10,225124.22928119582,-0.0010923769324128567
2020-11-11,229832.70108667595,0.020914993559395734
2020-11-12,235619.22463028337,0.025177111508710756
2020-11-13,236979.23720166628,0.005772078121031707
2020-11-16,240422.42809838292,0.014529504514298536
2020-11-17,250171.9402291441,0.04055159166253646
2020-11-18,251323.16028673464,0.004601715350395062
2020-11-19,251259.86793620727,-0.0002518365217720567
2020-11-20,260618.5566921825,0.0372470495700145
2020-11-23,262027.41083733382,0.005405809022322821
2020-11-24,268734.64807013,0.025597464064399097
2020-11-25,263869.72322714515,-0.018103080037953495
2020-11-27,246623.33715320766,-0.06535947308775324
2020-11-30,274428.7559233167,0.11274447540556852
2020-12-01,266129.2431520532,-0.030242868475425375
2020-12-02,270339.41649804363,0.015820032763498186
2020-12-03,275395.25795835734,0.018701828707802515
2020-12-04,262188.8819139112,-0.047954260877081205
2020-12-07,269648.59426424874,0.02845167306822297
2020-12-08,257735.18008636503,-0.04418125824238073
2020-12-09,262224.63247255114,0.017418857544716043
2020-12-10,258011.7473550172,-0.01606593964041469
2020-12-11,254233.77714424024,-0.014642628676819775
2020-12-14,268825.06799431844,0.057393203271333175
2020-12-15,270833.6483501207,0.007471700354390649
2020-12-16,290978.22040578164,0.07437987184524064
2020-12-17,301241.8959972188,0.03527300282861037
2020-12-18,305250.55434521707,0.013307107680783218
2020-12-21,294841.69554055505,-0.03409939361777645
2020-12-22,305119.9391918573,0.03486021077330455
2020-12-23,292226.27336346515,-0.04225769663740227
2020-12-24,300729.2022728116,0.029097071976039182
2020-12-28,342686.7992490498,0.13951953005939102
2020-12-29,344422.83057877293,0.005065941651465243
2020-12-30,356485.15839722595,0.03502185902770535
2020-12-31,354906.3907796021,-0.0044287050398452285
2021-01-04,429350.65358714055,0.20975745926696643
2021-01-05,451172.3515425465,0.05082488584351718
2021-01-06,484596.7678249835,0.07408347645452963
2021-01-07,502100.87206171214,0.03612096777964977
2021-01-08,508783.1891105544,0.01330871428564447
2021-01-11,457653.8186008741,-0.100493435325691
2021-01-12,440675.6212906309,-0.03709834075491479
2021-01-13,474943.52461336943,0.07776219438319798
2021-01-14,499959.129417279,0.05267069347723734
2021-01-15,478769.9890003484,-0.04238174516710472
2021-01-19,509624.5782559989,0.06444553744914878
2021-01-20,508074.68422318634,-0.0030412466331913137
2021-01-21,439565.66978987376,-0.13484044090497932
2021-01-22,471219.6121654995,0.07201186205182326
2021-01-25,481522.269850523,0.021863813430169774
2021-01-26,487550.7451095344,0.01251961879329644
2021-01-27,457762.4203947257,-0.06109789599053201
2021-01-28,489309.9235312378,0.06891676059670636
2021-01-29,501500.50846652244,0.02491383139607695
2021-02-01,495344.0859174118,-0.012276004600544985
2021-02-02,529464.4651641364,0.06888217749391569
2021-02-03,562669.901911727,0.062715137525418
2021-02-04,549085.3154838526,-0.024143083505478856
2021-02-05,575307.0900204405,0.04775537388662695
2021-02-08,626930.4109592565,0.08973176558102533
2021-02-09,631973.5061768377,0.00804410685687584
2021-02-10,620340.0821045543,-0.0184080882482883
2021-02-11,642096.0508464451,0.03507103501692475
2021-02-12,649251.9173594797,0.011144542165617272
2021-02-16,647219.7464675988,-0.0031300190843420407
2021-02-17,672933.2708065017,0.039729202452864515
2021-02-18,684782.5340283539,0.017608377733576815
2021-02-19,709416.5186469975,0.03597344177826776
2021-02-22,672343.6042706612,-0.05225831849396724
2021-02-23,610750.5973997503,-0.09160941887403723
2021-02-24,624929.0291908904,0.023214765325657062
2021-02-25,584290.2045456767,-0.06502950374673704
2021-02-26,575555.5855757734,-0.014949110736325147
2021-03-01,612720.2278231703,0.06457176887653378
2021-03-02,594061.3240089552,-0.03045256703945483
2021-03-03,617921.1851350889,0.040163969882971134
2021-03-04,601673.9699593837,-0.02629334544041119
2021-03-05,602617.2756061633,0.0015678019889132592
2021-03-08,668983.0100297083,0.11012916009881846
2021-03-09,689734.7818740846,0.03101987873123228
2021-03-10,685783.9822913746,-0.005727998190804973
2021-03-11,699458.410511996,0.019939847785496116
2021-03-12,687586.4270276716,-0.01697310848780022
2021-03-15,684180.8860030835,-0.004952891579477144
2021-03-16,691104.7959407365,0.010119999081093692
2021-03-17,704453.4104912813,0.01931489208141654
2021-03-18,691621.142598268,-0.018215921311338684
2021-03-19,700065.5759394831,0.012209622900611892
2021-03-22,660952.1384977332,-0.05587110520219468
2021-03-23,659722.0968526478,-0.0018610146990085089
2021-03-24,635778.0111300657,-0.03629419999241019
2021-03-25,630479.6112698835,-0.008333726186542049
2021-03-26,666504.389251785,0.05713868829055722
2021-03-29,698326.5199886343,0.04774481796372374
2021-03-30,707995.1790879064,0.01384547031012011
2021-03-31,720189.079962787,0.01722314111035296
2021-04-01,731929.754995459,0.016302211959779555
2021-04-05,752459.6184968892,0.02804895327907204
2021-04-06,749956.9409752049,-0.0033259957878985173
2021-04-07,716512.6459638552,-0.04459495363541873
2021-04-08,747251.893990114,0.042901193997641605
2021-04-09,744310.8540976415,-0.003935807879680407
2021-04-12,762852.6189223592,0.024911318601146214
2021-04-13,806332.6952278173,0.05699669271225684
2021-04-14,823551.6342832695,0.021354633338521896
2021-04-15,838443.7036804946,0.01808273917176483
2021-04-16,816933.7648014914,-0.025654601238677795
2021-04-19,747147.5151775777,-0.08542461167689802
2021-04-20,774761.2856968624,0.03695892706371579
2021-04-21,765869.696044614,-0.01147655389653442
2021-04-22,757894.1876871224,-0.010413662270072385
2021-04-23,748897.0591828831,-0.011871219822513619
2021-04-26,789348.3424712025,0.05401447741356528
2021-04-27,811613.4232460221,0.028206913952735394
2021-04-28,821041.8072193299,0.011616840854601953
2021-04-29,814492.8722684629,-0.007976372083958419
2021-04-30,842588.7299229553,0.03449490917734132
2021-05-03,922961.7076722758,0.09538814714109661
2021-05-04,876836.441208099,-0.049975276418027695
2021-05-05,935155.9085775459,0.06651122675637745
2021-05-06,926895.5001703588,-0.008833188489127886
2021-05-07,932215.5621557612,0.005739656719041863
2021-05-10,981951.5505575052,0.05335245454037359
2021-05-11,1011576.5812562902,0.03016954419183445
2021-05-12,918681.3779717484,-0.09183210149959584
2021-05-13,915240.5418133157,-0.003745407538388662
2021-05-14,960556.2482008218,0.049512346008760234
2021-05-17,830260.8894587129,-0.13564573546438294
2021-05-18,837315.3395098421,0.008496666699220862
2021-05-19,689807.3857925207,-0.17616774321090473
2021-05-20,757929.744541357,0.09875562389140048
2021-05-21,690319.2554748242,-0.08920416378096589
2021-05-24,728503.9771715133,0.05531458291776078
2021-05-25,735427.968166332,0.009504396972137126
2021-05-26,764625.9859836604,0.039702076996240655
2021-05-27,739711.3397564206,-0.032584095602228566
2021-05-28,681316.2701969622,-0.0789430503778506
2021-06-01,716061.2869033256,0.050996898542168864
2021-06-02,731747.5122041868,0.02190626080163841
2021-06-03,760546.9609850049,0.03935708465078056
2021-06-04,725640.8144200359,-0.04589610945228291
2021-06-07,707370.4813882716,-0.025178204793189336
2021-06-08,696604.506794292,-0.01521971142031598
2021-06-09,715430.2999513386,0.02702508090807657
2021-06-10,695915.5072985475,-0.02727700050461703
2021-06-11,677777.8174658602,-0.026063063177160006
2021-06-14,708823.7606469729,0.04580548725715195
2021-06-15,719221.4514990783,0.014668936665744689
2021-06-16,678208.6613867485,-0.05702386938938836
2021-06-17,675615.1880293328,-0.003824005066689672
2021-06-18,650317.533866435,-0.03744388020151989
2021-06-21,594018.8138857714,-0.08657112417981727
2021-06-22,592974.7896404882,-0.0017575609069581453
2021-06-23,613569.4299175133,0.034731055412172515
2021-06-24,615089.9757393865,0.002478196839235797
2021-06-25,582817.3971901512,-0.05246806129532709
2021-06-28,632599.2665696366,0.08541589461723566
2021-06-29,646533.6437885031,0.02202717890336441
2021-06-30,664542.6662425336,0.027854733666298905
2021-07-01,638546.5886203529,-0.03911874879180905
2021-07-02,646600.8286053399,0.01261339443123321
2021-07-06,675955.1143734584,0.04539784743461157
2021-07-07,678162.3439694695,0.00326534935393888
2021-07-08,666370.0135220799,-0.0173886541360671
2021-07-09,668563.8816828479,0.0032922672332932335
2021-07-12,662742.4504705908,-0.008707367196690111
2021-07-13,654668.2894374665,-0.012182954369968389
2021-07-14,661251.1536635302,0.010055266662938704
2021-07-15,657096.823956041,-0.006282529239416711
2021-07-16,652041.3095526195,-0.007693713040621544
2021-07-19,648781.8631889584,-0.004998834147329521
2021-07-20,647382.6822254292,-0.0021566277402573527
2021-07-21,661268.3202108201,0.021448886982360735
2021-07-22,665991.9059957346,0.007143221050433202
2021-07-23,673676.4055741419,0.01153842788362135
2021-07-26,682877.7996175274,0.013658477523112241
2021-07-27,689272.0181297319,0.009363635068801054
2021-07-28,689917.503550568,0.0009364741406268929
2021-07-29,694781.3503221216,0.0070498961781988705
2021-07-30,700088.1397781877,0.0076380712487543285
2021-08-02,705863.2178456178,0.008249072851398092
2021-08-03,702272.6376658689,-0.005086793147697763
2021-08-04,713336.1421326029,0.015753859503206125
2021-08-05,715949.64932914,0.0036637807089428005
2021-08-06,712927.8536395398,-0.00422068184883076
2021-08-09,717891.7653793732,0.006962712586543405
2021-08-10,715803.2028235431,-0.002909300059635486
2021-08-11,717144.5031788313,0.0018738395553376129
2021-08-12,714965.9215788434,-0.0030378558161306976
2021-08-13,727608.6698586938,0.017683008236157243
2021-08-16,725762.0961837255,-0.0025378665091043183
2021-08-17,720766.8702383771,-0.006882731919474385
2021-08-18,718918.0506848997,-0.002565072882534197
2021-08-19,725399.3880941384,0.009015405028520258
2021-08-20,731458.8302965848,0.00835324967445394
2021-08-23,734836.712245941,0.00461800693278481
2021-08-24,729466.5133862274,-0.007308016556903201
2021-08-25,728842.1237833817,-0.0008559537571469098
2021-08-26,724875.4716441547,-0.005442402421303903
2021-08-27,734195.738747538,0.012857749321056591
2021-08-30,733889.9444697815,-0.0004165023870585213
2021-08-31,734061.8267209185,0.00023420712115261588
2021-09-01,740922.6226050403,0.009346346090177789
2021-09-02,743073.1745645732,0.0029025324560500274
2021-09-03,759452.7627323185,0.02204303523316299
2021-09-07,697312.9075298493,-0.08182188313978304
2021-09-08,698971.4751020884,0.0023785126509622326
2021-09-09,695546.8436348661,-0.004899529650651588
2021-09-10,667330.833529451,-0.04056665681632696
2021-09-13,674606.2553533715,0.010902271344846089
2021-09-14,700331.6910289661,0.03813400108796674
2021-09-15,722627.2280999003,0.03183568208683567
2021-09-16,715475.0051428659,-0.009897527631003735
2021-09-17,697337.5179740159,-0.025350273648243524
2021-09-20,633398.0162067309,-0.09169089589937643
2021-09-21,603346.6919491516,-0.04744461379520805
2021-09-22,649531.6930875934,0.076548030766918
2021-09-23,663647.1895442925,0.02173180555609249
2021-09-24,631443.3895351327,-0.048525482389631176
2021-09-27,627810.5123214014,-0.005753290435751964
2021-09-28,607567.4759664595,-0.03224386332763212
2021-09-29,614863.4248449141,0.012008458594411934
2021-09-30,641626.1867404984,0.043526352055067496
2021-10-01,695477.3060019441,0.08392911694426443
2021-10-04,707130.3673815161,0.01675548760399023
2021-10-05,733739.8324802414,0.03763021123991517
2021-10-06,762738.063600654,0.03952113519909443
2021-10-07,754095.32239358,-0.011331204799553785
2021-10-08,752574.3092510101,-0.0020170038155681593
2021-10-11,771125.5448334153,0.024650370540642254
2021-10-12,758914.7712493255,-0.015835000754290493
2021-10-13,778308.6912002316,0.02555480626497734
2021-10-14,795136.0596507526,0.02162042983815533
2021-10-15,826275.0062290463,0.039161783949241184
2021-10-18,818684.0375025092,-0.009186976090661084
2021-10-19,842838.4676850869,0.0295039711000885
2021-10-20,878133.9707435262,0.04187694844467745
2021-10-21,847919.5799524545,-0.03440749566434479
2021-10-22,832517.3207108779,-0.018164764213182014
2021-10-25,868416.287345046,0.043120984682354035
2021-10-26,845452.8749771847,-0.02644286237199192
2021-10-27,817780.0699131794,-0.032731339478563
2021-10-28,861919.7636602476,0.05397501769852906
2021-10-29,882164.293898517,0.023487720193697263
2021-11-01,867266.5670349179,-0.016887701040088705
2021-11-02,902824.7414816184,0.04100028272537912
2021-11-03,902544.2141798312,-0.0003107217701265232
2021-11-04,888883.0803406416,-0.01513624886688129
2021-11-05,884153.8915133255,-0.0053203721973239925
2021-11-08,950541.2669683325,0.07508576967452776
2021-11-09,941343.571353411,-0.00967627175646647
2021-11-10,920601.086862308,-0.022034977581331563
2021-11-11,928422.9862294756,0.00849651328766843
2021-11-12,918662.269572049,-0.010513221669647507
2021-11-15,905306.5569909965,-0.014538218258679705
2021-11-16,856126.1296499203,-0.05432461188013399
2021-11-17,864114.0037290305,0.00933025380544863
2021-11-18,819296.3376868861,-0.051865455077381634
2021-11-19,852144.133470936,0.04009269207377258
2021-11-22,821670.1739057108,-0.03576150837429263
2021-11-23,849944.0727787387,0.03441027771353963
2021-11-24,834419.3002809964,-0.018265640052041104
2021-11-26,800232.8955973595,-0.040970294757233336
2021-11-29,861623.6010298281,0.07671604825322934
2021-11-30,871308.8923379364,0.011240745142696138
2021-12-01,869185.4652791757,-0.0024370542725245144
2021-12-02,858842.1703960414,-0.011899986017152427
2021-12-03,818685.5324189117,-0.04675671428501466
2021-12-06,811569.2618334903,-0.008692312620201651
2021-12-07,809415.9339971712,-0.0026532890507142523
2021-12-08,817274.1774636003,0.00970853566919845
2021-12-09,773855.949661259,-0.053125657214680676
2021-12-10,754588.9287432636,-0.024897425582150173
2021-12-13,741707.482697366,-0.01707081240557164
2021-12-14,736910.2674502032,-0.006467799447993643
2021-12-15,774346.899760913,0.05080215864035251
2021-12-16,762218.5042966773,-0.01566274168332104
2021-12-17,746283.2480144073,-0.02090641488292642
2021-12-20,754069.9858727491,0.010434024720586218
2021-12-21,774669.1209792718,0.02731727225912789
2021-12-22,770667.4920553332,-0.0051655975636154036
2021-12-23,794405.7532165751,0.03080220900187847
2021-12-27,788536.8610750751,-0.007387776482907644
2021-12-28,749632.579107932,-0.049337302905664765
2021-12-29,727461.2402096294,-0.029576274452594836
2021-12-30,739904.4542434243,0.017104985593746874
2021-12-31,732136.1406170394,-0.010499076714341828
2022-01-03,738006.7999596628,0.008018535101512184
2022-01-04,739018.8142739539,0.0013712804737657743
2022-01-05,722415.993275561,-0.0224660329043236
2022-01-06,716069.9777316528,-0.008784433903704501
2022-01-07,705795.4551963566,-0.01434848947004238
2022-01-10,702527.1156495776,-0.004630717756420942
2022-01-11,714103.7577666913,0.016478569807813884
2022-01-12,720592.5201522653,0.009086582047778508
2022-01-13,711605.7282333133,-0.012471392177444583
2022-01-14,712115.5084910146,0.0007163802053235615
2022-01-18,699277.057820006,-0.018028607041873736
2022-01-19,696293.769447694,-0.004266246602759195
2022-01-20,689096.2560745203,-0.010336891824958888
2022-01-21,664414.6923271068,-0.03581729479712101
2022-01-24,660783.0151788994,-0.005465979590980222
2022-01-25,658568.8645377522,-0.0033507983563222177
2022-01-26,654836.4635441925,-0.005667442228960385
2022-01-27,652167.672403628,-0.004075507839194047
2022-01-28,664549.6223526321,0.018985838263600497
2022-01-31,676300.3838408072,0.017682293530730225
2022-02-01,682345.4844990021,0.00893848473641833
2022-02-02,680135.1709490421,-0.0032392880149019264
2022-02-03,677947.3143583199,-0.003216796725376392
2022-02-04,691105.2095969522,0.019408433310317427
2022-02-07,700681.7288695825,0.013856818237870458
2022-02-08,702201.1007780348,0.0021684194775614487
2022-02-09,707240.9206539358,0.007177174559135431
2022-02-10,699480.0846594553,-0.0109733978448313
2022-02-11,703689.3733226544,0.00601773911154077
2022-02-14,705647.8600634796,0.0027831694140524055
2022-02-15,709144.2483051468,0.004954862672371256
2022-02-16,712642.3427932601,0.004932839117674244
2022-02-17,709006.6764892773,-0.005101670341019142
2022-02-18,706196.9507642237,-0.003962904466522467
2022-02-22,701043.5596888284,-0.007297385056418664
2022-02-23,698715.5644763316,-0.0033207568635679847
2022-02-24,698416.310898968,-0.0004282909850274089
2022-02-25,703259.980246303,0.006935217966345034
2022-02-28,718479.5649008987,0.02164147695318197
2022-03-01,729662.7307419833,0.015565043722053482
2022-03-02,722593.0356837001,-0.009688990214827145
2022-03-03,721395.4939340594,-0.0016572838243695445
2022-03-04,720303.4713143492,-0.0015137641264639685
2022-03-07,720825.4693740653,0.0007246918562859861
2022-03-08,735878.0695818797,0.020882447759352146
2022-03-09,731125.5252941079,-0.006458331188578729
2022-03-10,725085.2613977822,-0.008261596247642628
2022-03-11,719014.3064415964,-0.008372746322939448
2022-03-14,712027.1419628328,-0.009717698822076376
2022-03-15,704533.1769312349,-0.010524830571682187
2022-03-16,715449.4233248406,0.015494297147444493
2022-03-17,718724.1626369074,0.004577177932226867
2022-03-18,719919.3096519653,0.0016628730146946808
2022-03-21,720177.0063875801,0.00035795224848089724
2022-03-22,720056.8033417455,-0.0001669076418274549
2022-03-23,729082.1595382369,0.012534228070070642
2022-03-24,736107.1579377964,0.009635400218829701
2022-03-25,734059.6209530692,-0.0027815746153908583
2022-03-28,734470.9024062451,0.0005602834448815517
2022-03-29,737546.512200581,0.004187517550742648
2022-03-30,740773.0034413089,0.004374627480918093
2022-03-31,736277.5482882649,-0.00606860014088
2022-04-01,737700.7312537393,0.0019329435873512804
2022-04-04,741914.3517067498,0.005711829031061562
2022-04-05,730221.0835093112,-0.015760940829003513
2022-04-06,711686.1783123001,-0.025382593868607136
2022-04-07,715514.8170645438,0.005379672767178019
2022-04-08,707991.9035020665,-0.010513987108388159
2022-04-11,686283.4643964618,-0.030661987797069815
2022-04-12,693341.1695931301,0.010283950528919002
2022-04-13,703853.4452739784,0.015161764715366705
2022-04-14,691637.6713216959,-0.01735556461974472
2022-04-18,699323.2258180343,0.011112110885532678
2022-04-19,700630.7921006185,0.0018697595536808858
2022-04-20,701563.997987496,0.001331951003865365
2022-04-21,692557.5056417442,-0.012837734506884232
2022-04-22,682553.7070586839,-0.0144447190328124
2022-04-25,683688.7207467393,0.0016628928629608944
2022-04-26,664387.7330843594,-0.028230665618264025
2022-04-27,671174.0196861372,0.01021434662899791
2022-04-28,678067.9178198485,0.01027140194868568
2022-04-29,666424.0003080228,-0.017172199429909104
2022-05-02,660760.4984352653,-0.008498346203227909
2022-05-03,655367.4610253287,-0.00816186412884502
2022-05-04,675504.7151850852,0.030726661540765903
2022-05-05,662152.0880601482,-0.019766889593477555
2022-05-06,659846.1402592515,-0.0034825047635992923
2022-05-09,634263.968204018,-0.038769904822330815
2022-05-10,634869.6502181122,0.0009549368156751191
2022-05-11,628820.1034769925,-0.009528801288644603
2022-05-12,619649.1177161447,-0.014584434737594723
2022-05-13,618576.3909480072,-0.0017311842096881527
2022-05-16,623480.6739076874,0.007928338409689576
2022-05-17,624029.5867109147,0.000880400670299772
2022-05-18,616025.4537540093,-0.01282652798418261
2022-05-19,627442.5580291293,0.01853349436382063
2022-05-20,624952.90530737,-0.003967937287485929
2022-05-23,627114.7895983135,0.003459275527137938
2022-05-24,632071.7408122561,0.007904376194217373
2022-05-25,629129.8247262147,-0.004654402176342784
2022-05-26,624842.5748381907,-0.006814571046428824
2022-05-27,623046.9015651909,-0.0028738010905624183
2022-05-31,629831.3010879944,0.01088906710836705
2022-06-01,625521.3082750335,-0.006843090849114127
2022-06-02,633145.695838347,0.012188853461025715
2022-06-03,624860.4135069042,-0.013085901690403585
2022-06-06,630330.4844204042,0.008754068581173677
2022-06-07,633632.562130829,0.005238645110843829
2022-06-08,626332.1987890401,-0.011521445989515931
2022-06-09,616123.3639659481,-0.01629939326579405
2022-06-10,599250.8950326679,-0.02738488737819187
2022-06-13,556060.4052646374,-0.07207413476733486
2022-06-14,553682.1135580449,-0.004277038400999975
2022-06-15,561988.3705690397,0.015001851798349727
2022-06-16,539656.7790906086,-0.039736750167657986
2022-06-17,541197.0325380206,0.0028541352709542016
2022-06-21,551463.385562646,0.018969714184277526
2022-06-22,547639.285997018,-0.006934457782226688
2022-06-23,557814.1075854653,0.018579422347181174
2022-06-24,572661.8958081463,0.026617806937423494
2022-06-27,568338.06189911,-0.007550413150738002
2022-06-28,557751.798546187,-0.018626701364235193
2022-06-29,555880.8404428152,-0.003354463595184468
2022-06-30,550925.7114686238,-0.008914012884927196
2022-07-01,553723.6799706747,0.005078667493285347
2022-07-05,559265.3289750033,0.01000796824261174
2022-07-06,561984.1934601438,0.004861493005696179
2022-07-07,573492.6781449751,0.02047830671886597
2022-07-08,571274.9609155827,-0.003867036692719039
2022-07-11,550363.480128616,-0.03660493145621488
2022-07-12,540146.9661017018,-0.018563212123970513
2022-07-13,554146.0602279378,0.025917194772505803
2022-07-14,561134.8865339448,0.012611884857815883
2022-07-15,569057.1921398517,0.014118362261954466
2022-07-18,607944.1958085947,0.06833584428045697
2022-07-19,612997.9163483232,0.008312803337166151
2022-07-20,610312.1707305864,-0.00438132911403033
2022-07-21,619574.1694499449,0.015175838142423358
2022-07-22,615319.5312128348,-0.006867036178876473
2022-07-25,599230.0902091407,-0.026148107101331045
2022-07-26,596781.2531366439,-0.00408663902649149
2022-07-27,626022.0282333123,0.04899747594781283
2022-07-28,641930.0284090493,0.02541124666272627
2022-07-29,643746.7017045461,0.002830017626686265
2022-08-01,637670.4675329165,-0.009438858724309874
2022-08-02,631359.1696426778,-0.00989742854903799
2022-08-03,633821.2303832271,0.0038996198343690842
2022-08-04,633758.4049496886,-9.912169319505901e-05
2022-08-05,629331.9771942073,-0.006984408760358311
2022-08-08,637171.1457415243,0.012456332796351575
2022-08-09,632346.3599649598,-0.00757219753093103
2022-08-10,638455.301808896,0.009660752762575931
2022-08-11,630856.5432651993,-0.011901786267836839
2022-08-12,639932.826586242,0.01438723814144105
2022-08-15,638024.8922215749,-0.0029814603742786844
2022-08-16,638648.6329101152,0.0009776118395136474
2022-08-17,631526.85994401,-0.011151316387625369
2022-08-18,632476.0772879485,0.001503051420524766
2022-08-19,614582.5624385476,-0.028291212097899553
2022-08-22,611369.9830773623,-0.0052272543308720465
2022-08-23,610751.0784265209,-0.0010123242356881428
2022-08-24,608480.9632852247,-0.003716923672316155
2022-08-25,616763.5228377555,0.013611863069327086
2022-08-26,606388.9663113776,-0.016820963209114727
2022-08-29,604010.8065434297,-0.003921838786767657
2022-08-30,601074.9890122429,-0.004860538088693512
2022-08-31,597820.101101528,-0.005415111209440895
2022-09-01,592901.1187274281,-0.008228198357727133
2022-09-02,593044.5168775634,0.00024185845768538976
2022-09-06,581079.0542742085,-0.020176331224431878
2022-09-07,594051.1086504974,0.022324078420777927
2022-09-08,593535.8675800016,-0.0008673345828212218
2022-09-09,614946.610204523,0.03607320769310634
2022-09-12,621191.241195045,0.010154753090589753
2022-09-13,593304.7088078234,-0.044892024448982326
2022-09-14,597434.5317270332,0.006960711516192375
2022-09-15,578663.2059706568,-0.03141988746802622
2022-09-16,574790.8082743837,-0.006691971523880635
2022-09-19,570304.6224327142,-0.007804901847922263
2022-09-20,558993.2089251152,-0.019833985317090064
2022-09-21,551343.4508248678,-0.013684885573041417
2022-09-22,559294.537127466,0.0144212945500714
2022-09-23,555325.6291269516,-0.007096275284394516
2022-09-26,550971.2588209322,-0.007841111732705342
2022-09-27,546943.0569796211,-0.007311092505862104
2022-09-28,557440.5369781748,0.019193003484720885
2022-09-29,555206.1342216136,-0.004008324849630896
2022-09-30,550623.2562429842,-0.00825437201815955
2022-10-03,558668.0927529336,0.014610419045575829
2022-10-04,570746.6732147364,0.02162031556569395
2022-10-05,566910.9205587156,-0.006720586971476956
2022-10-06,565311.7346263108,-0.002820876921595901
2022-10-07,556708.1796337476,-0.015219133914229466
2022-10-10,542495.9764171448,-0.025529000177351283
2022-10-11,538809.8237207601,-0.006794801909369901
2022-10-12,543675.7967422125,0.009030965671431718
2022-10-13,542759.1215620956,-0.0016860695024678478
2022-10-14,542943.3407471906,0.00033941241662574506
2022-10-17,554443.6774742411,0.021181467501238577
2022-10-18,548780.257619052,-0.010214599039146462
2022-10-19,539653.3481141635,-0.016631264295998194
2022-10-20,537523.1439888758,-0.00394735645156615
2022-10-21,543558.445045175,0.011227983620411627
2022-10-24,556559.1153077602,0.023917704491749042
2022-10-25,592738.8267444989,0.06500605316064659
2022-10-26,623410.6525176513,0.05174593664061344
2022-10-27,608538.2984869764,-0.023856432306077393
2022-10-28,620663.3757979353,0.019924920651840223
2022-10-31,623834.0472453173,0.0051085202881605
2022-11-01,626444.6602232234,0.004184787588035319
2022-11-02,607853.3848924537,-0.029677442416294275
2022-11-03,606733.5343814163,-0.0018423036522788204
2022-11-04,624790.6946693691,0.029761269593187437
2022-11-07,615216.3556120646,-0.015324074348404283
2022-11-08,589262.8317456323,-0.04218601087191781
2022-11-09,549147.3668416275,-0.06807737183281491
2022-11-10,594446.1262258455,0.08248925902121651
2022-11-11,591091.6328218149,-0.005643057050987067
2022-11-14,582977.5899037964,-0.013727216674143674
2022-11-15,589089.2746804793,0.010483567263179694
2022-11-16,585593.9663292941,-0.005933410268046392
2022-11-17,581850.2312537199,-0.006393056094893424
2022-11-18,581961.3026119332,0.00019089338157352032
2022-11-21,565051.5145427816,-0.029056550655959093
2022-11-22,573924.5227989833,0.0157030076512251
2022-11-23,585205.9173786475,0.019656582236015522
2022-11-25,585812.9890628777,0.0010373642271931161
2022-11-28,578369.8505888471,-0.012705656264019472
2022-11-29,583638.1926271981,0.00910894997895766
2022-11-30,602359.1444485739,0.03207629668151961
2022-12-01,605115.2806071541,0.004575569548468251
2022-12-02,608655.8724687395,0.005851103046072061
2022-12-05,598145.47872689,-0.01726820395114029
2022-12-06,596377.4781204828,-0.002955803678680959
2022-12-07,597632.9856272093,0.002105222871063712
2022-12-08,601667.5862528153,0.006750967102948135
2022-12-09,599329.1455785827,-0.0038865990584542338
2022-12-12,601121.1191448147,0.0029899656631951683
2022-12-13,610025.304462768,0.014812630989609813
2022-12-14,607744.8862000015,-0.003738235522500009
2022-12-15,595668.6538321743,-0.0198705618789083
2022-12-16,590902.4074092578,-0.008001506193507457
2022-12-19,587212.6862153759,-0.006244214184299984
2022-12-20,593513.2548554828,0.010729619417309467
2022-12-21,596422.9120065098,0.004902429941072637
2022-12-22,590020.2548608512,-0.010735095880402204
2022-12-23,591662.3781901164,0.0027831643333201153
2022-12-27,591925.1789020693,0.0004441734368119798
2022-12-28,586708.4188112591,-0.008813208622898179
2022-12-29,593205.8414937152,0.011074364154549935
2022-12-30,593294.7876263798,0.0001499414308541463
2023-01-03,595661.5470619646,0.003989179552804947
2023-01-04,601870.0181338278,0.010422816618742255
2023-01-05,595887.742665282,-0.009939480765455994
2023-01-06,607247.4035229248,0.019063424273225296
2023-01-09,610114.7736673099,0.004721914211160279
2023-01-10,612937.3180088487,0.004626251425732396
2023-01-11,618328.2319480972,0.008795212464401974
2023-01-12,626190.5489277454,0.012715442338573558
2023-01-13,633403.4329000415,0.011518672686208578
2023-01-17,636350.9220978047,0.004653415255847496
2023-01-18,631021.8077173507,-0.008374489916485034
2023-01-19,636021.5102509861,0.00792318501910626
2023-01-20,643780.8833783737,0.012199859599599946
2023-01-23,646335.1935880135,0.003967670174105726
2023-01-24,645566.7368460876,-0.001188944605754765
2023-01-25,649494.4658610409,0.006084156433062546
2023-01-26,648270.9054748125,-0.001883865761051961
2023-01-27,648146.3112237043,-0.00019219472917268355
2023-01-30,643408.1333112016,-0.00731035235478995
2023-01-31,648894.9196575321,0.008527691930304955
2023-02-01,658050.3317835107,0.014109236871218789
2023-02-02,653936.456284883,-0.006251612224672795
2023-02-03,643505.5105525228,-0.015951008132533112
2023-02-06,636922.6730588608,-0.010229652094214378
2023-02-07,641207.8919812319,0.006728004989665446
2023-02-08,638843.5172764292,-0.003687376176074747
2023-02-09,626428.4046556369,-0.019433730303348
2023-02-10,623408.4712874229,-0.0048208755314569085
2023-02-13,626415.740213801,0.004823914118728168
2023-02-14,629437.213674566,0.004823431575543998
2023-02-15,640780.337417498,0.018021056741644562
2023-02-16,631915.9397149386,-0.01383375422892193
2023-02-17,639596.6005094687,0.012154560934156736
2023-02-21,631378.6058771019,-0.012848715308713027
2023-02-22,630424.8769040982,-0.0015105500315120324
2023-02-23,631698.6274867732,0.0020204637052557693
2023-02-24,621989.4169697582,-0.015370004135743076
2023-02-27,625783.743856363,0.006100307791553909
2023-02-28,624311.547480995,-0.0023525641083222996
2023-03-01,626560.854342472,0.0036028596148071296
2023-03-02,624654.3966276599,-0.003042733521571094
2023-03-03,625419.9092776794,0.0012254978979613891
2023-03-06,623649.2002750596,-0.002831232227104612
2023-03-07,618750.7558764424,-0.007854486779517647
2023-03-08,608502.7889904511,-0.016562350491960774
2023-03-09,577224.4953455857,-0.05140205470012425
2023-03-10,575072.5981522598,-0.0037280074055720267
2023-03-13,664699.6983042874,0.15585353995305
2023-03-14,674487.7708283358,0.014725555839755442
2023-03-15,663577.084754875,-0.016176254849011456
2023-03-16,675193.89745938,0.01750635001025721
2023-03-17,722252.3919270185,0.06969626746436888
2023-03-20,716962.4916972164,-0.007324171285453718
2023-03-21,732427.5253484752,0.02157021298931461
2023-03-22,712426.5289258399,-0.027307816446574908
2023-03-23,737363.733244031,0.03500319444278716
2023-03-24,717526.0563357961,-0.02690351588212649
2023-03-27,706359.8199439569,-0.015562133658061292
2023-03-28,717571.3565313853,0.01587227397549022
2023-03-29,733115.2243184946,0.021661772931190603
2023-03-30,730501.9191017542,-0.003564658228410975
2023-03-31,741040.2747123059,0.014426184702580759
2023-04-03,732267.6319167652,-0.011838280718205786
2023-04-04,747206.9931419081,0.0204015042779345
2023-04-05,753649.400344808,0.008621984620099015
2023-04-06,746391.2176268621,-0.009630715176878185
2023-04-10,769868.6287800666,0.03145456511110964
2023-04-11,773805.5982365169,0.00511381982493409
2023-04-12,777366.9448792607,0.004602379009482365
2023-04-13,795820.169309879,0.023738113065103664
2023-04-14,809164.4987839068,0.016768021204589353
2023-04-17,792803.2765898253,-0.02021989622464988
2023-04-18,808497.9953611218,0.019796485754708278
2023-04-19,764748.5786358194,-0.05411196685251069
2023-04-20,759519.9883119042,-0.006837005612017075
2023-04-21,733277.8831036636,-0.03455090795775612
2023-04-24,735606.2386083695,0.003175270328420243
2023-04-25,748593.8138699997,0.017655607823827486
2023-04-26,748998.6211401996,0.0005407569000699296
2023-04-27,768005.9085974138,0.025376932507938883
2023-04-28,764968.8625927577,-0.003954456561672244
2023-05-01,739847.6993616938,-0.032839458518506295
2023-05-02,754215.9255762092,0.019420518880996128
2023-05-03,763656.3684545676,0.012516896764207303
2023-05-04,757278.8954322935,-0.008351233991776192
2023-05-05,783457.4450629845,0.03456923174354001
2023-05-08,747253.1398487134,-0.04621094029090572
2023-05-09,747610.7610219981,0.00047858102457378686
2023-05-10,746844.6945893114,-0.0010246862038737654
2023-05-11,733814.332738081,-0.01744721753482597
2023-05-12,732264.7735752051,-0.002111650173271969
2023-05-15,737769.644060742,0.0075175956623720645
2023-05-16,734440.3544299382,-0.004512641117190808
2023-05-17,738082.347185681,0.004958867978557095
2023-05-18,727615.4338534226,-0.014181227029976944
2023-05-19,730651.5033944126,0.0041726293859806925
2023-05-22,730280.0086291345,-0.0005084431682577243
2023-05-23,738402.6770141897,0.011122676629616204
2023-05-24,720788.2261263661,-0.023854803667626892
2023-05-25,721805.9816395605,0.0014120035210120315
2023-05-26,728418.5020454014,0.009161077317232437
2023-05-30,748709.6704371775,0.027856470332368616
2023-05-31,740783.8350389047,-0.010585993090812987
2023-06-01,736736.0895560329,-0.005464138513037613
2023-06-02,744338.4653403871,0.010318994674111136
2023-06-05,718130.3253030868,-0.03520997672116173
2023-06-06,743517.954907223,0.03535239873545429
2023-06-07,725506.4926230555,-0.02422465007777123
2023-06-08,731023.7395083758,0.007604682992391755
2023-06-09,729814.7990566323,-0.0016537636008325262
2023-06-12,711018.305069942,-0.02575515598064988
2023-06-13,710441.2842865221,-0.0008115413897300151
2023-06-14,689946.2845733542,-0.028848266797657337
2023-06-15,698640.5063036906,0.012601302340098436
2023-06-16,713286.7213254577,0.02096387897583546
2023-06-20,743381.4844884279,0.04219167729219303
2023-06-21,773879.7156523528,0.041026352956467345
2023-06-22,769322.0956385598,-0.0058893131860306225
2023-06-23,779434.907235255,0.013145094433172735
2023-06-26,770315.354678256,-0.011700210591474674
2023-06-27,779358.1343753872,0.011739061985734744
2023-06-28,764682.2101627213,-0.018830783391293973
2023-06-29,771310.3385399039,0.008667820813788866
2023-06-30,785807.952635863,0.01879608423686274
2023-07-03,795438.8181774119,0.012256004166468213
2023-07-05,782121.2519644938,-0.016742414260637457
2023-07-06,765806.0646028222,-0.02086017650165098
2023-07-07,773203.6137275366,0.009659820503708094
2023-07-10,775132.1445214291,0.002494208200340877
2023-07-11,779439.7950333635,0.005557311153176322
2023-07-12,783673.5662939679,0.005431813063154119
2023-07-13,796819.7125242999,0.016775028271657465
2023-07-14,789441.0910082154,-0.009260089076748823
2023-07-17,789576.4746169024,0.00017149298437733505
2023-07-18,792537.7272220055,0.0037504316558314797
2023-07-19,794278.9279208821,0.0021969940850384865
2023-07-20,789551.505465297,-0.005951841713791482
2023-07-21,789897.1680218038,0.0004377960831104675
2023-07-24,787249.1831637078,-0.0033523159283220722
2023-07-25,789257.7573184681,0.002551382964525144
2023-07-26,790691.6015622355,0.0018166995895472242
2023-07-27,784347.3881625383,-0.008023625629970537
2023-07-28,790776.5430224393,0.00819682063959231
2023-07-31,791038.285054346,0.0003309936722529779
2023-08-01,790395.6131893132,-0.0008124409111103819
2023-08-02,779478.221612998,-0.013812566003830093
2023-08-03,776684.0517247603,-0.0035846670384910607
2023-08-04,775125.8521496477,-0.0020062206397214923
2023-08-07,778977.5816068976,0.0049691665509130145
2023-08-08,784556.9864504329,0.007162471649089016
2023-08-09,780108.0637839712,-0.005670617613884101
2023-08-10,778022.204764775,-0.0026738077915495454
2023-08-11,777307.3950863932,-0.0009187522849658203
2023-08-14,779015.3418663195,0.0021972604284003078
2023-08-15,771755.4184982426,-0.009319358654329028
2023-08-16,763295.5187532936,-0.010961892255205944
2023-08-17,736287.4498495094,-0.03538350251013788
2023-08-18,729309.6058331189,-0.009477064993864422
2023-08-21,731950.1421024478,0.0036205971348924155
2023-08-22,729623.7719244057,-0.003178317817330919
2023-08-23,740144.3823953939,0.014419226560066386
2023-08-24,731906.4457861393,-0.011130175145818754
2023-08-25,732818.9074307213,0.0012466916363906716
2023-08-28,735660.0662547587,0.0038770271826072057
2023-08-29,761090.9656747961,0.034568818652215255
2023-08-30,757272.7449205271,-0.005016773193311729
2023-08-31,740484.3484054785,-0.022169550703703775
2023-09-01,738578.9302199432,-0.0025732052130992425
2023-09-05,736166.802564421,-0.0032659036926546395
2023-09-06,733569.3490053081,-0.0035283492138802846
2023-09-07,734033.3865103129,0.0006325748283157462
2023-09-08,733819.8743815374,-0.00029087522815629546
2023-09-11,731797.8152099613,-0.0027555252210638603
2023-09-12,732387.2296548749,0.0008054334580714822
2023-09-13,734332.0386272727,0.002655438125695057
2023-09-14,739591.6183438995,0.007162399895364583
2023-09-15,734398.3203924947,-0.00702184533004004
2023-09-18,735569.4551906844,0.0015946861065312956
2023-09-19,735320.643051632,-0.0003382578453966965
2023-09-20,730101.747993192,-0.007097441242477769
2023-09-21,717341.655948196,-0.017477142165553565
2023-09-22,717303.8602836302,-5.268851216474113e-05
2023-09-25,716718.1927227747,-0.0008164846075469263
2023-09-26,709020.7072579359,-0.010739905227738737
2023-09-27,708629.2465232718,-0.0005521146712034649
2023-09-28,714799.6644810286,0.008707540632891633
2023-09-29,713338.4862591441,-0.0020441786622063807
2023-10-02,712743.6706544555,-0.0008338476279443803
2023-10-03,704468.5635001448,-0.011610214857064101
2023-10-04,709186.9295341233,0.006697766626427338
2023-10-05,706486.5017128475,-0.003807780020776345
2023-10-06,712927.5137357116,0.009116964028680207
2023-10-09,712236.6080502627,-0.0009691107049980994
2023-10-10,710456.6781596023,-0.002499071053835378
2023-10-11,712226.4181952468,0.002490989373523545
2023-10-12,704018.7396888941,-0.011523973692453792
2023-10-13,712059.9476090337,0.011421866303861373
2023-10-16,723803.7029975108,0.016492649850494326
2023-10-17,718769.4615590185,-0.0069552579209582145
2023-10-18,717072.156015732,-0.0023614046423243275
2023-10-19,716957.9942146636,-0.00015920545807095437
2023-10-20,724614.4847181898,0.010679134015254024
2023-10-23,756745.8038965296,0.044342639922297575
2023-10-24,765227.6789590769,0.01120835427018372
2023-10-25,763236.6536820249,-0.0026018730526846004
2023-10-26,763880.8000852205,0.0008439668090991946
2023-10-27,761179.8780430872,-0.003535789931926492
2023-10-30,766685.2969852922,0.007232743666791209
2023-10-31,767337.8780959446,0.0008511720691900095
2023-11-01,777812.7765694142,0.013650959730362369
2023-11-02,778753.253837468,0.00120913064992556
2023-11-03,783661.8249444395,0.006303114732148464
2023-11-06,787720.5840077304,0.005179222636726893
2023-11-07,792720.5532739416,0.006347389376030611
2023-11-08,794583.899411116,0.0023505712441524943
2023-11-09,813370.9826974892,0.023643926463016492
2023-11-10,819121.0527367102,0.0070694309995560705
2023-11-13,809361.4048449902,-0.011914780921711957
2023-11-14,799311.5543231111,-0.01241701230342698
2023-11-15,829997.5045221151,0.038390474944391434
2023-11-16,808937.951434487,-0.025373031813816706
2023-11-17,814806.861805561,0.007255081011672971
2023-11-20,828048.1477149492,0.016250827687001073
2023-11-21,806908.7033564507,-0.025529245390904225
2023-11-22,830692.3826135868,0.02947505604810628
2023-11-24,835086.8676780362,0.00529014729932054
2023-11-27,829955.3174511114,-0.006144929857648369
2023-11-28,840497.4967814488,0.012702104690061658
2023-11-29,841265.1168372768,0.0009132924949419032
2023-11-30,838853.9395066833,-0.002866132545300726
2023-12-01,856789.0418316068,0.02138048291871988
2023-12-04,897327.2611049518,0.0473141196888842
2023-12-05,924470.5191472097,0.030249006375705344
2023-12-06,912365.2099544484,-0.013094316089092863
2023-12-07,928147.0389528316,0.01729771020003176
2023-12-08,935777.5165722469,0.0082211948098485
2023-12-11,887146.3096345679,-0.051968770435749545
2023-12-12,886011.6348743589,-0.0012790164912892953
2023-12-13,911817.1199329254,0.029125447164388377
2023-12-14,923559.7591409797,0.012878283321679817
2023-12-15,897636.9896751059,-0.028068318491902555
2023-12-18,904059.9599694521,0.00715542069703597
2023-12-19,895461.2215517164,-0.009511247924337047
2023-12-20,911700.0220820653,0.018134565896900868
2023-12-21,920249.8670067275,0.009377914574507346
2023-12-22,935321.2387937598,0.01637747782138195
2023-12-26,907360.6996699641,-0.029894049193039965
2023-12-27,940430.6593700169,0.03644632141559722
2023-12-28,927137.13759855,-0.01413556825164769
2023-12-29,914179.0293266552,-0.013976474187474063
2024-01-02,949620.330724398,0.03876844716493584
2024-01-03,906547.836932793,-0.04535759439643426
2024-01-04,927446.5285803211,0.023053048935880244
2024-01-05,926807.8417465194,-0.0006886508430618589
2024-01-08,961683.392462925,0.03762975359669434
2024-01-09,955501.4459243212,-0.006428255481018062
2024-01-10,992218.9455876882,0.03842746635286129
2024-01-11,995472.607285516,0.003279177153688124
2024-01-12,952164.4301410755,-0.043505142007407384
2024-01-16,960439.7970876793,0.008691111203742052
2024-01-17,947846.1763129536,-0.013112347919060695
2024-01-18,926535.2605958087,-0.022483517104054346
2024-01-19,934020.0345686111,0.008078239750950487
2024-01-22,891900.377782949,-0.0450950249746148
2024-01-23,885643.2170109545,-0.007015537752712142
2024-01-24,885840.6969820615,0.00022297914929389527
2024-01-25,883554.4489066999,-0.0025808794777102658
2024-01-26,907401.0379418891,0.026989382561195496
2024-01-29,929556.4759977863,0.024416368429717318
2024-01-30,931168.2190139644,0.0017338839089342797
2024-01-31,919349.8054045059,-0.01269202853805867
2024-02-01,930058.4373566669,0.011648049403185846
2024-02-02,929533.2941594911,-0.000564634625183586
2024-02-05,921012.1830017393,-0.009167085473207015
2024-02-06,936263.8319400131,0.016559660360372187
2024-02-07,952116.4316891124,0.016931765607405343
2024-02-08,957469.676745745,0.0056224689318044125
2024-02-09,978838.628505204,0.0223181498886607
2024-02-12,1018578.6441413203,0.04059914931718996
2024-02-13,1009679.5765950565,-0.008736750566536673
2024-02-14,1041989.439521948,0.03200011535922136
2024-02-15,1050793.6296028667,0.00844940432885561
2024-02-16,1048077.74277268,-0.0025846053436898143
2024-02-20,1073774.5319629097,0.024518018217092645
2024-02-21,1065231.574952721,-0.007956006364363945
2024-02-22,1066960.9176415203,0.0016234429484276484
2024-02-23,1059663.9602715224,-0.006839010922843735
2024-02-26,1113155.0568493423,0.05047930153641681
2024-02-27,1136088.7081107472,0.020602386990286804
2024-02-28,1185926.796254976,0.043868130884873256
2024-02-29,1175470.3821688425,-0.008817082234041523
2024-03-01,1197648.0824286465,0.018867085548241718
2024-03-04,1254630.380139426,0.047578498681539474
2024-03-05,1220667.689133726,-0.02706987774512984
2024-03-06,1266420.0023251947,0.03748138301582943
2024-03-07,1279904.878826525,0.010648028676562074
2024-03-08,1292595.2590179609,0.009915096349246616
2024-03-11,1345239.2041848842,0.040727323421346336
2024-03-12,1328776.1032527036,-0.012238047241684381
2024-03-13,1344256.8712632314,0.011650396159768676
2024-03-14,1313363.335826389,-0.022981869088614763
2024-03-15,1277217.7601158777,-0.027521383249036607
2024-03-18,1233823.403026135,-0.033975691886562735
2024-03-19,1141701.2342661228,-0.07466398232848305
2024-03-20,1240168.6269228107,0.08624619970738842
2024-03-21,1219910.1701873725,-0.016335243688356114
2024-03-22,1184318.4393558558,-0.029175698097549174
2024-03-25,1267228.70499676,0.07000673373455092
2024-03-26,1267133.535448059,-7.510053104521435e-05
2024-03-27,1252740.0738490457,-0.011359072423194705
2024-03-28,1271750.3925624946,0.015174990495067172
2024-04-01,1255292.458812363,-0.012941166636457595
2024-04-02,1191158.686549977,-0.05109070146335724
2024-04-03,1200762.2027064648,0.008062331463411575
2024-04-04,1220763.966097963,0.016657555797821622
2024-04-05,1215630.4562109252,-0.004205161709881165
2024-04-08,1299550.2459368724,0.06903396447265893
2024-04-09,1259801.794108064,-0.030586313959836988
2024-04-10,1271101.8487196614,0.008969708302088689
2024-04-11,1266095.3071322725,-0.003938741488285643
2024-04-12,1209066.1165137163,-0.04504336308435442
2024-04-15,1164642.114389799,-0.036742409300172724
2024-04-16,1164776.1243945449,0.00011506539484540227
2024-04-17,1132353.7316933074,-0.027835729134721737
2024-04-18,1159359.5642129774,0.023849289991110696
2024-04-19,1160595.1832184007,0.0010657772131823639
2024-04-22,1198163.475912242,0.03236985060515422
2024-04-23,1198454.4066559428,0.0002428138977273587
2024-04-24,1172202.4721610306,-0.02190482537267569
2024-04-25,1175970.5676330468,0.003214543188148477
2024-04-26,1169045.359461335,-0.005888929844265221
2024-04-29,1181533.452227236,0.01068229959157029
2024-04-30,1126977.4294876456,-0.046173912923709516
2024-05-01,1105525.4691141758,-0.019034951199708192
2024-05-02,1115024.0502833826,0.008591915278820009
2024-05-03,1159467.6799879062,0.039858897835637064
2024-05-06,1158709.1939474575,-0.0006541674714526612
2024-05-07,1145046.4229588644,-0.011791371864451233
2024-05-08,1131547.6218096477,-0.011788868013171958
2024-05-09,1156816.9728384533,0.0223316726064018
2024-05-10,1125950.927618164,-0.026681874440823608
2024-05-13,1144702.9940557259,0.016654426030119917
2024-05-14,1128517.2355266418,-0.014139701401266878
2024-05-15,1187168.8326094197,0.05197226523120571
2024-05-16,1167145.3240088108,-0.016866605701395268
2024-05-17,1202280.784270291,0.03010375789434673
2024-05-20,1305918.1714411534,0.08620065173358299
2024-05-21,1310673.8063756493,0.0036416025433261686
2024-05-22,1292950.8376400326,-0.013522028630926282
2024-05-23,1282949.7864644502,-0.007735059125555764
2024-05-24,1282917.0633815944,-2.550612907936621e-05
2024-05-28,1295092.0706370198,0.0094900969072263
2024-05-29,1277909.4469603016,-0.013267491992493332
2024-05-30,1282790.0571234522,0.003819214401114222
2024-05-31,1277317.8586051962,-0.004265856667557059
2024-06-03,1291168.2003332996,0.010843300776540835
2024-06-04,1308516.6104969992,0.0134362123844294
2024-06-05,1322026.6559474717,0.01032470305848155
2024-06-06,1315376.3631099889,-0.005030377267784189
2024-06-07,1289483.414723748,-0.019684821099431232
2024-06-10,1295667.708064256,0.0047959463998480285
2024-06-11,1293896.659204053,-0.0013669005171464605
2024-06-12,1302411.9015909072,0.006581083834077212
2024-06-13,1296690.016289287,-0.004393299304644554
2024-06-14,1304234.095067393,0.005817950846644771
2024-06-17,1306047.4173161252,0.0013903349525903573
2024-06-18,1308324.9531401251,0.0017438385420035219
2024-06-20,1313599.7353515087,0.0040317064951817146
2024-06-21,1303472.6844626274,-0.007709388648872856
2024-06-24,1296776.0997901862,-0.005137495209730414
2024-06-25,1298880.424567162,0.001622735626694888
2024-06-26,1291787.4451618947,-0.005460840945101669
2024-06-27,1301612.3508030924,0.0076056673859114
2024-06-28,1295370.3951084355,-0.004795556596251999
2024-07-01,1300993.7044811414,0.004341082206248168
2024-07-02,1303717.6836213928,0.0020937681180693783
2024-07-03,1308712.2298309884,0.003831002886853582
2024-07-05,1309248.2850267726,0.0004096050938971086
2024-07-08,1303998.9296321967,-0.004009442253704069
2024-07-09,1307809.4830430844,0.002922205934603431
2024-07-10,1316133.2071317432,0.006364630473003498
2024-07-11,1316964.2069259048,0.0006313948995881609
2024-07-12,1324062.2358160915,0.0053896900560078485
2024-07-15,1338813.7825861592,0.011141127940240168
2024-07-16,1350606.0416957878,0.00880799052340926
2024-07-17,1339042.0510603883,-0.008562075304268571
2024-07-18,1330793.3949255776,-0.006160117322886604
2024-07-19,1326769.3991799757,-0.003023756926466229
2024-07-22,1331369.8999605065,0.0034674456490889306
2024-07-23,1329336.2903609734,-0.0015274564939415708
2024-07-24,1306597.693904976,-0.017105225081775977
2024-07-25,1301770.925060864,-0.00369415074481436
2024-07-26,1317932.0542968288,0.012414725912862972
2024-07-29,1320236.0605142203,0.0017481980272652938
2024-07-30,1318547.8709396133,-0.0012787028207284679
2024-07-31,1332296.350711871,0.010426985682711918
2024-08-01,1327162.4725925056,-0.0038534055254464557
2024-08-02,1319542.1923874177,-0.005741783965758458
2024-08-05,1279172.9234679532,-0.030593390004775217
2024-08-06,1278136.2063659963,-0.0008104589168025488
2024-08-07,1266269.6729223202,-0.009284247942099222
2024-08-08,1292465.550765918,0.020687439969356985
2024-08-09,1296720.3536658955,0.0032920048797091222
2024-08-12,1306480.5566284629,0.007526837174240873
2024-08-13,1314122.3085484053,0.0058491126264159235
2024-08-14,1312404.9753868524,-0.0013068290146066538
2024-08-15,1304909.4622657897,-0.005711280634891765
2024-08-16,1317240.8734535866,0.009450012850995091
2024-08-19,1323625.672921895,0.004847100934218953
2024-08-20,1327342.275832814,0.002807895757049123
2024-08-21,1333104.8925124253,0.004341470007045236
2024-08-22,1319831.8836102134,-0.009956462523513152
2024-08-23,1339616.4635326033,0.01499022729188212
2024-08-26,1334042.4526395453,-0.004160900559820896
2024-08-27,1321507.0966448649,-0.009396519555938995
2024-08-28,1319573.0276233344,-0.0014635328303880062
2024-08-29,1319394.7480895333,-0.0001351039541344749
2024-08-30,1310310.8436348557,-0.006884902693322757
2024-09-03,1311812.1579996883,0.001145769625677296
2024-09-04,1322733.2407023443,0.008325187898326076
2024-09-05,1323271.393496044,0.00040684907367555213
2024-09-06,1309897.3177007467,-0.010106827564648983
2024-09-09,1323603.5517086121,0.01046359422425866
2024-09-10,1331760.764681782,0.006162882354493464
2024-09-11,1330586.7175381335,-0.000881575110773834
2024-09-12,1340072.2204993651,0.007128812302276678
2024-09-13,1352455.656238297,0.009240871909364078
2024-09-16,1350959.158549978,-0.0011065040701455286
2024-09-17,1349338.7326980091,-0.0011994632418852404
2024-09-18,1340553.5566309204,-0.006510726961437395
2024-09-19,1353743.8033440304,0.009839403019644935
2024-09-20,1360878.214204368,0.005270133715636654
2024-09-23,1363611.2490590021,0.002008287608771951
2024-09-24,1372488.1463206252,0.00650984455265296
2024-09-25,1363822.8423088542,-0.006313572933217023
2024-09-26,1371940.7149851986,0.005952292647189862
2024-09-27,1372532.8572181298,0.0004316091988987329
2024-09-30,1361654.930705429,-0.007925439784915913
2024-10-01,1362870.8269662473,0.0008929547665857736
2024-10-02,1356074.1767418925,-0.004987009839724978
2024-10-03,1350117.5764170114,-0.004392532817926252
2024-10-04,1347411.6203577062,-0.0020042373394519065
2024-10-07,1340506.139966354,-0.005124996910386538
2024-10-08,1338402.6301991302,-0.0015691906993253347
2024-10-09,1323287.474019633,-0.011293429823317339
2024-10-10,1324301.7942160778,0.0007665153765597689
2024-10-11,1346865.1145440121,0.017037899084997372
2024-10-14,1377581.150867253,0.022805577181824892
2024-10-15,1386184.838407488,0.0062455032393689
2024-10-16,1394235.6143119286,0.005807866080608374
2024-10-17,1393121.306421242,-0.0007992249511117296
2024-10-18,1407272.8153549158,0.01015813114654561
2024-10-21,1397512.9403615769,-0.006935311253687017
2024-10-22,1402135.9582854633,0.003308032283901536
2024-10-23,1384562.6165856074,-0.012533265120270295
2024-10-24,1402329.366693869,0.01283203077667597
2024-10-25,1389760.580484389,-0.008962791843340062
2024-10-28,1415259.49322366,0.01834770182529091
2024-10-29,1441879.026368389,0.01880894159140765
2024-10-30,1442937.3379408517,0.000733980835499387
2024-10-31,1413834.577154697,-0.020169109233590055
2024-11-01,1405096.0609995297,-0.006180720358921565
2024-11-04,1394239.4164119703,-0.0077266208972476555
2024-11-05,1409438.283211762,0.010901188576999014
2024-11-06,1449910.9333369825,0.028715446860853915
2024-11-07,1467465.887920841,0.012107608943575375
2024-11-08,1471697.4746019524,0.002883601394719067
2024-11-11,1546156.6585321608,0.050594082829657244
2024-11-12,1532207.5039472778,-0.009021824863546184
2024-11-13,1540143.9271593215,0.005179731329861032
2024-11-14,1515196.7498145467,-0.016197951960754804
2024-11-15,1532968.035150762,0.011728698163053988
2024-11-18,1544485.5582060416,0.007513218013151147
2024-11-19,1559187.8508024027,0.00951921662086509
2024-11-20,1572588.7500386538,0.008594794545990488
2024-11-21,1608939.5830864909,0.023115282394677947
2024-11-22,1619635.848816432,0.006648021990621874
2024-11-25,1575038.4557944294,-0.027535444497967097
2024-11-26,1569495.3835078878,-0.003519325046413363
2024-11-27,1599946.4435343796,0.0194018156067667
2024-11-29,1614875.6117017635,0.009331042440648614
2024-12-02,1602748.8982048677,-0.007509379303906002
2024-12-03,1603742.3346582928,0.0006198328724716294
2024-12-04,1628235.9911355544,0.015272812812838953
2024-12-05,1610912.9296605068,-0.010639158923741879
2024-12-06,1667868.4832942877,0.035356072066405196
2024-12-09,1601162.4855586214,-0.03999475882169802
2024-12-10,1581019.7071204307,-0.01258009641111665
2024-12-11,1648059.2423207758,0.04240271952235607
2024-12-12,1646460.4774112997,-0.0009700894654883052
2024-12-13,1659008.392844931,0.007621145849404265
2024-12-16,1703962.0471555796,0.027096700959758562
2024-12-17,1686369.3007058883,-0.010324611677272326
2024-12-18,1592290.8862558284,-0.05578755164167194
2024-12-19,1538197.856080628,-0.03397182678247744
2024-12-20,1552690.4044171732,0.00942177124955339
2024-12-23,1521868.0392488674,-0.01985094071594749
2024-12-24,1563913.664602347,0.027627641995972046
2024-12-26,1516119.7323762402,-0.03056046718426699
2024-12-27,1502702.5495551475,-0.00884968550608054
2024-12-30,1496887.6417357957,-0.003869633295739937
2024-12-31,1497383.1129667552,0.0003310009496671194
2025-01-02,1543019.4676547276,0.03047740707957735
2025-01-03,1579785.543000702,0.023827356761646025
2025-01-06,1621297.7795621625,0.02627713409923384
2025-01-07,1530431.119154892,-0.05604563304330771
2025-01-08,1508058.2942145707,-0.014618642198464716
2025-01-10,1493561.9574035148,-0.009612583854794446
2025-01-13,1466242.8335161095,-0.01829125584779767
2025-01-14,1497168.9445868353,0.02109207995006117
2025-01-15,1570839.124836403,0.04920632405309329
2025-01-16,1539342.8342246423,-0.02005061505903152
2025-01-17,1602911.0016076013,0.04129565290436295
2025-01-21,1588126.431163852,-0.009223575375626738
2025-01-22,1555361.9762182762,-0.020630885742241978
2025-01-23,1576094.6185112912,0.013329785998385172
2025-01-24,1577219.4785275997,0.0007137008166242815
2025-01-27,1532641.3008054362,-0.02826377579598443
2025-01-28,1508536.9001516555,-0.015727359455283675
2025-01-29,1529981.9148639392,0.014215770731314454
2025-01-30,1566238.495049655,0.023697391343962412
2025-01-31,1560999.926981258,-0.0033446809569260237
2025-02-03,1472698.833639638,-0.056567006708566105
2025-02-04,1420471.2028066865,-0.03546389094630825
2025-02-05,1426325.564891806,0.004121422576925246
2025-02-06,1404807.8890576256,-0.015086089995037457
2025-02-07,1388829.549463853,-0.011374038911819635
2025-02-10,1403212.4795756019,0.010356152140701017
2025-02-11,1385879.7205563372,-0.012352198452872148
2025-02-12,1406684.6303919612,0.01501206022934815
2025-02-13,1400361.3986695134,-0.004495131023565566
2025-02-14,1405252.9347902795,0.003493052668699338
2025-02-18,1391753.6929568504,-0.009606271938114593
2025-02-19,1402883.659380939,0.007997080575688948
2025-02-20,1417502.849306345,0.010420814176320832
2025-02-21,1395736.8087932165,-0.015355200537183865
2025-02-24,1353818.6365854295,-0.03003300618261277
2025-02-25,1328102.9664767208,-0.01899491513395642
2025-02-26,1286622.7266215743,-0.031232698745631157
2025-02-27,1281965.1237662123,-0.003620022217073542
2025-02-28,1277598.9325212713,-0.003405858056507731
2025-03-03,1290393.7374671476,0.01001472732966865
2025-03-04,1301116.7954656533,0.008309911685989324
2025-03-05,1333392.5925687428,0.024806225863480982
2025-03-06,1322532.670310155,-0.008144579712765918
2025-03-07,1294058.6537398242,-0.021529915449009812
2025-03-10,1209779.9335060809,-0.06512743451788533
2025-03-11,1251182.2431706623,0.03422300909273045
2025-03-12,1255230.8384166113,0.0032358157798734097
2025-03-13,1263775.4947097464,0.006807238980770819
2025-03-14,1272129.0913431887,0.006610032136570955
2025-03-17,1279174.8960278651,0.005538592531703708
2025-03-18,1286667.973724524,0.005857742924698261
2025-03-19,1304222.3692230931,0.013643298704135977
2025-03-20,1295508.1373626792,-0.006681553748847926
2025-03-21,1286853.6433901198,-0.006680385651747287
2025-03-24,1294411.2770545534,0.005872955097305139
2025-03-25,1297917.8601720736,0.0027090177439581713
2025-03-26,1291431.2423654073,-0.0049977105683763155
2025-03-27,1302349.496642006,0.008454382950036792
2025-03-28,1298793.5806974212,-0.0027303853180375877
2025-03-31,1306597.8317698366,0.006008846354340994
2025-04-01,1314478.9334662156,0.006031773132290919
2025-04-02,1307113.138215999,-0.005603585620648555
2025-04-03,1299031.7813277321,-0.006182599387912602
2025-04-04,1274561.9539132009,-0.018836973633948234
2025-04-07,1231857.2349239897,-0.0335054085508341
2025-04-08,1223484.922896844,-0.006796495397181533
2025-04-09,1286924.0843315437,0.05185120000048278
2025-04-10,1276855.051895023,-0.007824107543803197
2025-04-11,1298040.8309665255,0.016592156674369328
2025-04-14,1302259.8680551334,0.003250311537169788
2025-04-15,1304449.894468755,0.00168171228135313
2025-04-16,1325266.8231775379,0.015958396560153486
2025-04-17,1319595.291777332,-0.004279539260333675
2025-04-21,1331470.255577621,0.008998943747590044
2025-04-22,1341369.5488148069,0.0074348587178098375
2025-04-23,1333781.1215867202,-0.00565722342123496
2025-04-24,1348594.461427186,0.011106274935757936
2025-04-25,1347073.6358546044,-0.0011277115664349488
2025-04-28,1359934.4196921329,0.009547201797449929
2025-04-29,1357504.6513344636,-0.0017866805358300966
2025-04-30,1348597.011947771,-0.00656177448669228
2025-05-01,1337448.5581884999,-0.00826670507238451
2025-05-02,1335234.7267641851,-0.0016552647283221379
2025-05-05,1348418.27064503,0.009873577743737982
2025-05-06,1368817.7109227993,0.015128421738168021
2025-05-07,1361429.4525254986,-0.00539754734201956
2025-05-08,1366825.8171080088,0.003963748964369632
2025-05-09,1377057.115453697,0.007485444171179184
2025-05-12,1365819.7865572972,-0.008160394198825487
2025-05-13,1381221.193460369,0.011276309696678756
2025-05-14,1362748.758345389,-0.013373987600567357
2025-05-15,1372592.2571613695,0.007223267499382791
2025-05-16,1364328.5938147162,-0.006020479354694405
2025-05-19,1382745.4316239362,0.01349882857598544
2025-05-20,1399248.9954444936,0.011935359497933812
2025-05-21,1416995.9701160227,0.012683214159386747
2025-05-22,1425519.4589374214,0.0060151821184790885
2025-05-23,1412656.1381969883,-0.00902360235055741
2025-05-27,1417912.9435164921,0.003721220739686483
2025-05-28,1410139.3204077529,-0.00548244033195747
2025-05-29,1402227.236031116,-0.005610852957670169
2025-05-30,1386570.68866627,-0.01116548513860027
2025-06-02,1414747.0954580745,0.020320930639971174
2025-06-03,1406760.3402202385,-0.0056453589927674035
2025-06-04,1408740.8435020258,0.0014078469694967584
2025-06-05,1382795.7075010973,-0.018417252627126766
2025-06-06,1391519.9197531792,0.0063091114650969116
2025-06-09,1431985.8324186797,0.02908036894842165
2025-06-10,1436706.848854623,0.003296831804522375
2025-06-11,1422118.77479283,-0.010153827883136391
2025-06-12,1388020.3973325533,-0.02397716566623919
2025-06-13,1373824.8885423976,-0.010227161515375501
2025-06-16,1367163.5167364168,-0.0048487779348999945
2025-06-17,1350726.1535930657,-0.012022967949429395
2025-06-18,1354172.962980195,0.002551819536447329
2025-06-20,1321720.4530679465,-0.023964818970265495
2025-06-23,1336975.6904759265,0.011541954558219856
2025-06-24,1344215.8695027884,0.005415340816170325
2025-06-25,1344507.8888167527,0.00021724138257068188
2025-06-26,1343138.5191320092,-0.0010184913722957542
2025-06-27,1342840.8087754964,-0.00022165275753188246
2025-06-30,1359778.616387355,0.012613414413063361
2025-07-01,1337388.360807039,-0.016466103607219534
2025-07-02,1388846.6006000985,0.038476661903956655
2025-07-03,1396039.148416506,0.0051787921094378405
2025-07-07,1378280.715730629,-0.012720583592530333
2025-07-08,1394955.8837826801,0.01209852816028965
2025-07-09,1440601.6084191028,0.03272198437748874
2025-07-10,1500524.836006538,0.04159597437434078
2025-07-11,1508270.5954817652,0.0051620335027853246
2025-07-14,1529938.4397006708,0.014366019124031463
2025-07-15,1549433.7267898899,0.012742530407323713
2025-07-16,1606435.3152548873,0.03678865864311168
2025-07-17,1632564.2221622146,0.01626514722329883
2025-07-18,1642969.797535718,0.006373761737668047
2025-07-21,1688447.4033421804,0.027680122832856736
2025-07-22,1698008.4741329548,0.005662640584390598
2025-07-23,1668380.6316144085,-0.017448583425754186
2025-07-24,1682458.435742239,0.008438005009808956
2025-07-25,1684002.261651417,0.0009176012175877966
2025-07-28,1696296.742199177,0.007300750615206175
2025-07-29,1698809.7344311294,0.0014814579132506308
2025-07-30,1698970.9254559202,9.488468397825375e-05
2025-07-31,1667295.0912375662,-0.018644129657400497
2025-08-01,1613720.686825764,-0.0321325269254143
2025-08-04,1673732.9117092018,0.03718873121809194
2025-08-05,1647018.5776423588,-0.01596093013404537
2025-08-06,1666711.7550434235,0.011956864159513251
2025-08-07,1725220.853016873,0.03510450910087032
2025-08-08,1742187.4727639968,0.009834462479081717
2025-08-11,1792397.4750837628,0.028820091468174495
2025-08-12,1878278.0621241003,0.04791380719632189
2025-08-13,1925329.325269215,0.02505021173058122
2025-08-14,1864693.8282504424,-0.03149357163107358
2025-08-15,1837436.9351745471,-0.014617355762618212
2025-08-18,1806096.5245614178,-0.017056591175006533
2025-08-19,1742488.9098371554,-0.035218280894321725
2025-08-20,1805291.7008957919,0.03604200331151931
2025-08-21,1773493.731356961,-0.017613757113630175
2025-08-22,1925208.5060589775,0.08554570677051926
2025-08-25,1807136.4871271087,-0.06132947083927521
2025-08-26,1863026.2186514316,0.030927233179367235
2025-08-27,1841642.5703997444,-0.011477910529442685
2025-08-28,1849555.2221939175,0.004296518728091477
2025-08-29,1803867.244760523,-0.024702142918014647
2025-09-02,1806049.973523853,0.0012100273840383495
2025-09-03,1838388.5972529764,0.017905719223276023
2025-09-04,1805424.3194327909,-0.01793107173828352
2025-09-05,1809781.6026496072,0.002413439970823773
2025-09-08,1818384.066936404,0.004753316242248463
2025-09-09,1816494.8421670513,-0.0010389580527592546
2025-09-10,1834975.2504434763,0.01017366405201474
2025-09-11,1867450.6027418321,0.017697978373554257
2025-09-12,1930127.9598228962,0.033563060243221365
2025-09-15,1888236.8932781874,-0.02170377685661454
2025-09-16,1885004.5731072202,-0.001711819201538553
2025-09-17,1903858.3319668234,0.010001969824680403
2025-09-18,1903025.9263153954,-0.0004372203737281413
2025-09-19,1875530.5645604762,-0.014448232877286842
2025-09-22,1810199.979808717,-0.03483312188360377
2025-09-23,1800212.9320172057,-0.005517096399794849
2025-09-24,1795856.791143447,-0.00241979201253574
2025-09-25,1717604.7115329069,-0.04357367469190903
2025-09-26,1764354.9409786558,0.027218270380747856
2025-09-29,1822561.2014029573,0.032990108210321625
2025-09-30,1806454.2553623011,-0.008837533701615934
2025-10-01,1866636.8562604287,0.033315319621009365
2025-10-02,1903667.7234896182,0.019838281401652093
2025-10-03,1914114.9288730158,0.005487935344224385
2025-10-06,1964464.7133988212,0.0263044730315384
2025-10-07,1902982.9177407655,-0.031296971250597314
2025-10-08,1930097.3380024824,0.014248378169315047
2025-10-09,1883272.763437934,-0.024260214053768252
2025-10-10,1774000.0107517303,-0.058022796701379095
2025-10-13,1875849.5444565022,0.057412363634436116
2025-10-14,1853578.1328475447,-0.01187270678225439
2025-10-15,1832759.3871862506,-0.011231652603341557
2025-10-16,1822637.11960922,-0.005522965888376054
2025-10-17,1798706.8482297708,-0.013129476582030683
2025-10-20,1856160.8883873045,0.031941858793765286
2025-10-21,1798499.8801855613,-0.031064660699666565
2025-10-22,1782282.5522758672,-0.009017141501294346
2025-10-23,1797208.8343390143,0.008374812424711841
2025-10-24,1814859.7174705719,0.009821275521411153
2025-10-27,1845458.1147720332,0.016859924217232165
2025-10-28,1813364.212022942,-0.017390751105210416
2025-10-29,1790702.0303645825,-0.012497313836958415
2025-10-30,1775216.837190166,-0.008647554373556963
2025-10-31,1783044.102321655,0.0044091882002865335
2025-11-03,1729289.6912965206,-0.030147549886815506
2025-11-04,1645916.157437376,-0.048212589410994454
2025-11-05,1683028.5407227655,0.022548161470856386
2025-11-06,1653761.7475777173,-0.017389362352987606
2025-11-07,1686625.6696448936,0.01987222289747143
2025-11-10,1721883.0952403818,0.020904120119855263
2025-11-11,1719717.6262827618,-0.0012576167125431664
2025-11-12,1732880.86980435,0.007654305172204917
2025-11-13,1709740.4461679247,-0.013353730218649048
2025-11-14,1682541.7781218493,-0.015908068448071317
2025-11-17,1665085.1307826366,-0.010375164270036022
2025-11-18,1672599.6964303965,0.004513021892296791
2025-11-19,1669677.0654287837,-0.0017473583236025706
2025-11-20,1653183.0959668101,-0.009878538672828882
2025-11-21,1651820.007549086,-0.0008245235636933112
2025-11-24,1682395.0945799234,0.018509938668320066
2025-11-25,1685146.605061835,0.0016354722447634142
2025-11-26,1701893.9347403094,0.00993820337540303
2025-11-28,1713680.2846088118,0.006925431501876002
2025-12-01,1698963.5557960258,-0.00858779140132641
2025-12-02,1707987.3482863682,0.0053113514174907795
2025-12-03,1718688.9660904533,0.00626563060600073
2025-12-04,1714405.4440327287,-0.0024923195192603697
2025-12-05,1705201.975753351,-0.005368314893896116
2025-12-08,1706022.4632707783,0.0004811673509026172
2025-12-09,1719564.0305962027,0.00793750821982875
2025-12-10,1726411.720460078,0.003982224413882934
2025-12-11,1734669.3429305176,0.004783113073536754
2025-12-12,1725212.6290721362,-0.0054515945052706904
2025-12-15,1716247.9243787087,-0.005196289745600207
2025-12-16,1717536.6767942165,0.0007509127307316259
2025-12-17,1712490.8004218477,-0.0029378565480109456
2025-12-18,1714106.8370287486,0.000943676080772317
2025-12-19,1728520.4212061209,0.008408801520421623
2025-12-22,1753576.54809281,0.014495707762136524
2025-12-23,1765105.684097532,0.006574640848876046
2025-12-24,1763385.222997592,-0.0009747071325191542
2025-12-26,1772440.7901485052,0.005135331198658563
2025-12-29,1731254.020106166,-0.02323731786768933
2025-12-30,1734096.9568222668,0.0016421256979531511
2025-12-31,1722359.1141850383,-0.0067688502601019945
2026-01-02,1736545.6248938004,0.008236674101193206
2026-01-05,1772658.3005087394,0.02079569640857975
2026-01-06,1787676.656509088,0.008472222760606614
2026-01-07,1770329.4196144168,-0.009703788899132464
2026-01-08,1772152.0248022769,0.0010295288366483674
2026-01-09,1781499.9975189588,0.005274927086306233
2026-01-12,1798518.377478804,0.009552837487255869
2026-01-13,1808442.9155512797,0.005518174402192186
2026-01-14,1816902.9964211506,0.004678102248691728
2026-01-15,1811016.614948069,-0.003239788521828833
2026-01-16,1805174.8494850856,-0.003225682975388316
2026-01-20,1802251.3841128284,-0.0016194915263144163
2026-01-21,1825520.0595843461,0.012910893384039147
2026-01-22,1843973.7993541462,0.010108757596452756
2026-01-23,1856244.1981654072,0.006654323838852016
2026-01-26,1870225.0709242478,0.007531806845596392
2026-01-27,1897755.1449526942,0.014720193016577069
2026-01-28,1930525.3403757086,0.01726787331346243
2026-01-29,1918909.865517173,-0.006016743015802709
2026-01-30,1821223.7297141526,-0.050907099681147594
